Category,Description,Tag1,Tag2,brand_id
Accesorios,APAGA VELA,,,1
Canastas,CANASTA CHICA,,,1
Canastas,CANASTA GRANDE,,,1
Esponjas,ESPONJA TEJIDA,,,1
Esponjas,ESPONJA VEGETAL-LOOFA,,,1
Accesorios,GUANTES EXFOLIANTES,,,1
Accesorios,PORTA INCIENSO LARGO,,,1
Accesorios,PORTA POTPOURRI S/ POTPOURRI,,,1
Accesorios,POSA VELA CERÁMICA GRANDE,,,1
Aromatizadores,AROMATIZADOR BAMBOO 180 ML AMOR,180 ML,AMOR,1
Aromatizadores,AROMATIZADOR BAMBOO 180 ML ARMONÍA,180 ML,ARMONÍA,1
Aromatizadores,AROMATIZADOR BAMBOO 180 ML ENERGÍA,180 ML,ENERGÍA,1
Aromatizadores,AROMATIZADOR BAMBOO 180 ML EUCALIPTO,180 ML,EUCALIPTO,1
Aromatizadores,AROMATIZADOR BAMBOO 180 ML FELICIDAD,180 ML,FELICIDAD,1
Aromatizadores,AROMATIZADOR BAMBOO 180 ML HIERBA LUISA,180 ML,HIERBA LUISA,1
Aromatizadores,AROMATIZADOR BAMBOO 180 ML LAVANDA,180 ML,LAVANDA,1
Aromatizadores,AROMATIZADOR BAMBOO 180 ML MANDARINA,180 ML,MANDARINA,1
Aromatizadores,AROMATIZADOR BAMBOO 180 ML MANZANA CANELA,180 ML,MANZANA CANELA,1
Aromatizadores,AROMATIZADOR BAMBOO 180 ML ORQUIDEA BLANCA,180 ML,ORQUIDEA BLANCA,1
Aromatizadores,AROMATIZADOR BAMBOO 180 ML ROSAS,180 ML,ROSAS,1
Aromatizadores,AROMATIZADOR BAMBOO 180 ML SERENIDAD,180 ML,SERENIDAD,1
Aromatizadores,AROMATIZADOR BAMBOO 180 ML TÉ VERBENA,180 ML,TÉ VERBENA,1
Aromatizadores,AROMATIZADOR BAMBOO 180 ML TE VERDE,180 ML,TE VERDE,1
Aromatizadores,AROMATIZADOR BAMBOO 180 ML TRANQ.,180 ML,TRANQ.,1
Aromatizadores,AROMATIZADOR BAMBOO 180 ML VAINILLA,180 ML,VAINILLA,1
Aromatizadores,AROMATIZADOR BAMBOO REPUESTO 180 ML AMOR,180 ML,AMOR,1
Aromatizadores,AROMATIZADOR BAMBOO REPUESTO 180 ML ARMONÍA,180 ML,ARMONÍA,1
Aromatizadores,AROMATIZADOR BAMBOO REPUESTO 180 ML ENERGÍA,180 ML,ENERGÍA,1
Aromatizadores,AROMATIZADOR BAMBOO REPUESTO 180 ML EUCALIPTO,180 ML,EUCALIPTO,1
Aromatizadores,AROMATIZADOR BAMBOO REPUESTO 180 ML FELICIDAD,180 ML,FELICIDAD,1
Aromatizadores,AROMATIZADOR BAMBOO REPUESTO 180 ML HIERBA LUISA,180 ML,HIERBA LUISA,1
Aromatizadores,AROMATIZADOR BAMBOO REPUESTO 180 ML LAVANDA,180 ML,LAVANDA,1
Aromatizadores,AROMATIZADOR BAMBOO REPUESTO 180 ML MANDARINA,180 ML,MANDARINA,1
Aromatizadores,AROMATIZADOR BAMBOO REPUESTO 180 ML MANZANA CANELA,180 ML,MANZANA CANELA,1
Aromatizadores,AROMATIZADOR BAMBOO REPUESTO 180 ML ORQUIDEA BLANCA,180 ML,ORQUIDEA BLANCA,1
Aromatizadores,AROMATIZADOR BAMBOO REPUESTO 180 ML ROSAS,180 ML,ROSAS,1
Aromatizadores,AROMATIZADOR BAMBOO REPUESTO 180 ML SERENIDAD,180 ML,SERENIDAD,1
Aromatizadores,AROMATIZADOR BAMBOO REPUESTO 180 ML TÉ VERBENA,180 ML,TÉ VERBENA,1
Aromatizadores,AROMATIZADOR BAMBOO REPUESTO 180 ML TE VERDE,180 ML,TE VERDE,1
Aromatizadores,AROMATIZADOR BAMBOO REPUESTO 180 ML TRANQ.,180 ML,TRANQ.,1
Aromatizadores,AROMATIZADOR BAMBOO REPUESTO 180 ML VAINILLA,180 ML,VAINILLA,1
Accesorios,CAJONERAS,,,1
Fragancias,FRAGANCIA 10 ML ALMENDRAS,10 ML,ALMENDRAS,1
Fragancias,FRAGANCIA 20 ML ALMENDRAS,20 ML,ALMENDRAS,1
Fragancias,FRAGANCIA 30 ML ALMENDRAS,30 ML,ALMENDRAS,1
Fragancias,FRAGANCIA 30 ML AMOR,30 ML,AMOR,1
Fragancias,FRAGANCIA 10 ML ANTI STRESS,10 ML,ANTI STRESS,1
Fragancias,FRAGANCIA 20 ML ANTI STRESS,20 ML,ANTI STRESS,1
Fragancias,FRAGANCIA 30 ML ANTI STRESS,30 ML,ANTI STRESS,1
Fragancias,FRAGANCIA 10 ML ARMONÍA,10 ML,ARMONÍA,1
Fragancias,FRAGANCIA 30 ML ARMONÍA,30 ML,ARMONÍA,1
Fragancias,FRAGANCIA 10 ML BAMBOO,10 ML,BAMBOO,1
Fragancias,FRAGANCIA 20 ML BAMBOO,20 ML,BAMBOO,1
Fragancias,FRAGANCIA 30 ML BAMBOO,30 ML,BAMBOO,1
Fragancias,FRAGANCIA 10 ML CANELA,10 ML,CANELA,1
Fragancias,FRAGANCIA 20 ML CANELA,20 ML,CANELA,1
Fragancias,FRAGANCIA 30 ML CANELA,30 ML,CANELA,1
Fragancias,FRAGANCIA 10 ML COCO,10 ML,COCO,1
Fragancias,FRAGANCIA 20 ML COCO,20 ML,COCO,1
Fragancias,FRAGANCIA 30 ML COCO,30 ML,COCO,1
Fragancias,FRAGANCIA 20 ML ENERGÍA,20 ML,ENERGÍA,1
Fragancias,FRAGANCIA 30 ML ENERGÍA,30 ML,ENERGÍA,1
Fragancias,FRAGANCIA 10 ML ENERGIZANTE,10 ML,ENERGIZANTE,1
Fragancias,FRAGANCIA 20 ML ENERGIZANTE,20 ML,ENERGIZANTE,1
Fragancias,FRAGANCIA 30 ML ENERGIZANTE,30 ML,ENERGIZANTE,1
Fragancias,FRAGANCIA 10 ML EUCALIPTO,10 ML,EUCALIPTO,1
Fragancias,FRAGANCIA 20 ML EUCALIPTO,20 ML,EUCALIPTO,1
Fragancias,FRAGANCIA 30 ML EUCALIPTO,30 ML,EUCALIPTO,1
Fragancias,FRAGANCIA 30 ML FELICIDAD,30 ML,FELICIDAD,1
Fragancias,FRAGANCIA 10 ML HIERBA LUISA,10 ML,HIERBA LUISA,1
Fragancias,FRAGANCIA 20 ML HIERBA LUISA,20 ML,HIERBA LUISA,1
Fragancias,FRAGANCIA 30 ML HIERBA LUISA,30 ML,HIERBA LUISA,1
Fragancias,FRAGANCIA 10 ML JAZMIN,10 ML,JAZMIN,1
Fragancias,FRAGANCIA 20 ML JAZMIN,20 ML,JAZMIN,1
Fragancias,FRAGANCIA 30 ML JAZMIN,30 ML,JAZMIN,1
Fragancias,FRAGANCIA 10 ML LAVANDA,10 ML,LAVANDA,1
Fragancias,FRAGANCIA 20 ML LAVANDA,20 ML,LAVANDA,1
Fragancias,FRAGANCIA 30 ML LAVANDA,30 ML,LAVANDA,1
Fragancias,FRAGANCIA 10 ML LIMON,10 ML,LIMON,1
Fragancias,FRAGANCIA 20 ML LIMON,20 ML,LIMON,1
Fragancias,FRAGANCIA 30 ML LIMON,30 ML,LIMON,1
Fragancias,FRAGANCIA 10 ML MANDARINA,10 ML,MANDARINA,1
Fragancias,FRAGANCIA 20 ML MANDARINA,20 ML,MANDARINA,1
Fragancias,FRAGANCIA 30 ML MANDARINA,30 ML,MANDARINA,1
Fragancias,FRAGANCIA 10 ML MANZANA,10 ML,MANZANA,1
Fragancias,FRAGANCIA 20 ML MANZANA,20 ML,MANZANA,1
Fragancias,FRAGANCIA 30 ML MANZANA,30 ML,MANZANA,1
Fragancias,FRAGANCIA 10 ML MANZANILLA,10 ML,MANZANILLA,1
Fragancias,FRAGANCIA 20 ML MANZANILLA,20 ML,MANZANILLA,1
Fragancias,FRAGANCIA 30 ML MANZANILLA,30 ML,MANZANILLA,1
Fragancias,FRAGANCIA 10 ML MENTA,10 ML,MENTA,1
Fragancias,FRAGANCIA 20 ML MENTA,20 ML,MENTA,1
Fragancias,FRAGANCIA 30 ML MENTA,30 ML,MENTA,1
Fragancias,FRAGANCIA 10 ML MUÑA,10 ML,MUÑA,1
Fragancias,FRAGANCIA 20 ML MUÑA,20 ML,MUÑA,1
Fragancias,FRAGANCIA 30 ML MUÑA,30 ML,MUÑA,1
Fragancias,FRAGANCIA 10 ML ORQUIDEA BLANCA,10 ML,ORQUIDEA BLANCA,1
Fragancias,FRAGANCIA 20 ML ORQUIDEA BLANCA,20 ML,ORQUIDEA BLANCA,1
Fragancias,FRAGANCIA 30 ML ORQUIDEA BLANCA,30 ML,ORQUIDEA BLANCA,1
Fragancias,FRAGANCIA 10 ML REFRESCANTE,10 ML,REFRESCANTE,1
Fragancias,FRAGANCIA 20 ML REFRESCANTE,20 ML,REFRESCANTE,1
Fragancias,FRAGANCIA 30 ML REFRESCANTE,30 ML,REFRESCANTE,1
Fragancias,FRAGANCIA 10 ML RELAJANTE,10 ML,RELAJANTE,1
Fragancias,FRAGANCIA 20 ML RELAJANTE,20 ML,RELAJANTE,1
Fragancias,FRAGANCIA 30 ML RELAJANTE,30 ML,RELAJANTE,1
Fragancias,FRAGANCIA 10 ML ROSAS,10 ML,ROSAS,1
Fragancias,FRAGANCIA 20 ML ROSAS,20 ML,ROSAS,1
Fragancias,FRAGANCIA 30 ML ROSAS,30 ML,ROSAS,1
Fragancias,FRAGANCIA 10 ML SANDALO,10 ML,SANDALO,1
Fragancias,FRAGANCIA 20 ML SANDALO,20 ML,SANDALO,1
Fragancias,FRAGANCIA 30 ML SANDALO,30 ML,SANDALO,1
Fragancias,FRAGANCIA 30 ML SERENIDAD,30 ML,SERENIDAD,1
Fragancias,FRAGANCIA 10 ML TÉ VERBENA,10 ML,TÉ VERBENA,1
Fragancias,FRAGANCIA 20 ML TÉ VERBENA,20 ML,TÉ VERBENA,1
Fragancias,FRAGANCIA 30 ML TÉ VERBENA,30 ML,TÉ VERBENA,1
Fragancias,FRAGANCIA 10 ML TE VERDE,10 ML,TE VERDE,1
Fragancias,FRAGANCIA 20 ML TE VERDE,20 ML,TE VERDE,1
Fragancias,FRAGANCIA 30 ML TE VERDE,30 ML,TE VERDE,1
Fragancias,FRAGANCIA 30 ML TRANQ.,30 ML,TRANQ.,1
Fragancias,FRAGANCIA 10 ML VAINILLA,10 ML,VAINILLA,1
Fragancias,FRAGANCIA 20 ML VAINILLA,20 ML,VAINILLA,1
Fragancias,FRAGANCIA 30 ML VAINILLA,30 ML,VAINILLA,1
Fragancias,FRAGANCIA DE REGALO 10 ML,10 ML,,1
Inciensos,INCIENSO AMOR,,AMOR,1
Inciensos,INCIENSO ARMONÍA,,ARMONÍA,1
Inciensos,INCIENSO ENERGÍA,,ENERGÍA,1
Inciensos,INCIENSO FELICIDAD,,FELICIDAD,1
Inciensos,INCIENSO SERENIDAD,,SERENIDAD,1
Inciensos,INCIENSO TRANQ.,,TRANQ.,1
Conos,CONO POTPOURRI 100 GR ANTI STRESS,100 GR,ANTI STRESS,1
Conos,CONO POTPOURRI 1 KG ANTI STRESS,1 KG,ANTI STRESS,1
Conos,CONO POTPOURRI 100 GR AROMAS DEL BOSQUE,100 GR,AROMAS DEL BOSQUE,1
Conos,CONO POTPOURRI 100 GR ENERGIZANTE,100 GR,ENERGIZANTE,1
Conos,CONO POTPOURRI 100 GR REFRESCANTE,100 GR,REFRESCANTE,1
Conos,CONO POTPOURRI 100 GR RELAJANTE,100 GR,RELAJANTE,1
Conos,CONO POTPOURRI 100 GR VAINILLA,100 GR,VAINILLA,1
Sprays,SPRAY AROMATIZADOR 550 ML AMOR,550 ML,AMOR,1
Sprays,SPRAY AROMATIZADOR 550 ML ARMONÍA,550 ML,ARMONÍA,1
Sprays,SPRAY AROMATIZADOR 550 ML CLIO,550 ML,CLIO,1
Sprays,SPRAY AROMATIZADOR 550 ML COCO,550 ML,COCO,1
Sprays,SPRAY AROMATIZADOR 550 ML ENERGÍA,550 ML,ENERGÍA,1
Sprays,SPRAY AROMATIZADOR 550 ML EUCALIPTO,550 ML,EUCALIPTO,1
Sprays,SPRAY AROMATIZADOR 550 ML FELICIDAD,550 ML,FELICIDAD,1
Sprays,SPRAY AROMATIZADOR 30 ML HIERBA LUISA,30 ML,HIERBA LUISA,1
Sprays,SPRAY AROMATIZADOR 550 ML HIERBA LUISA,550 ML,HIERBA LUISA,1
Sprays,SPRAY AROMATIZADOR 30 ML LAVANDA,30 ML,LAVANDA,1
Sprays,SPRAY AROMATIZADOR 550 ML LAVANDA,550 ML,LAVANDA,1
Sprays,SPRAY AROMATIZADOR 30 ML MANZANA CANELA,30 ML,MANZANA CANELA,1
Sprays,SPRAY AROMATIZADOR 550 ML MANZANA CANELA,550 ML,MANZANA CANELA,1
Sprays,SPRAY AROMATIZADOR 550 ML ORQUIDEA BLANCA,550 ML,ORQUIDEA BLANCA,1
Sprays,SPRAY AROMATIZADOR 30 ML SERENIDAD,30 ML,SERENIDAD,1
Sprays,SPRAY AROMATIZADOR 550 ML SERENIDAD,550 ML,SERENIDAD,1
Sprays,SPRAY AROMATIZADOR 550 ML TÉ VERBENA,550 ML,TÉ VERBENA,1
Sprays,SPRAY AROMATIZADOR 30 ML TE VERDE,30 ML,TE VERDE,1
Sprays,SPRAY AROMATIZADOR 550 ML TE VERDE,550 ML,TE VERDE,1
Sprays,SPRAY AROMATIZADOR 550 ML TRANQ.,550 ML,TRANQ.,1
Sprays,SPRAY AROMATIZADOR 30 ML VAINILLA,30 ML,VAINILLA,1
Sprays,SPRAY AROMATIZADOR 550 ML VAINILLA,550 ML,VAINILLA,1
Accesorios,FAROLA,,,1
Velas,VELA BOTÁNICA BRISAS DEL MAR,,BRISAS DEL MAR,1
Velas,VELA BOTÁNICA CANELA,,CANELA,1
Velas,VELA BOTÁNICA CHOCOLATE,,CHOCOLATE,1
Velas,VELA BOTÁNICA EUCALIPTO,,EUCALIPTO,1
Velas,VELA BOTÁNICA NARANJA,,NARANJA,1
Velas,VELA BOTÁNICA ROSAS,,ROSAS,1
Accesorios,ALMOHADILLA DE CINTURA,,,1
Accesorios,ALMOHADILLA DE CUELLO,,,1
Accesorios,ALMOHADILLA DE ENSUEÑO,,,1
Esencias,ESENCIA 10 ML ADIOS ANSIEDAD,10 ML,ADIOS ANSIEDAD,1
Esencias,ESENCIA 10 ML BUENAS NOCHES,10 ML,BUENAS NOCHES,1
Esencias,ESENCIA 10 ML ME SIENTO SEXY,10 ML,ME SIENTO SEXY,1
Esencias,ESENCIA 10 ML MIGRA FREE,10 ML,MIGRA FREE,1
Esencias,ESENCIA 10 ML RESPIRO Y SUSPIRO,10 ML,RESPIRO Y SUSPIRO,1
Esencias,ESENCIA 10 ML STRESS FREE,10 ML,STRESS FREE,1
Accesorios,KIT JARDIN DEL ZEN,,,1
Aceites,ACEITE NUTRITIVO 34 ML ALMENDRAS,34 ML,ALMENDRAS,1
Aceites,ACEITE NUTRITIVO 120 ML ALMENDRAS,120 ML,ALMENDRAS,1
Aceites,ACEITE NUTRITIVO 34 ML COCO,34 ML,COCO,1
Aceites,ACEITE NUTRITIVO 200 GR COCO,200 GR,COCO,1
Aceites,ACEITE NUTRITIVO 10 ML TIARE,10 ML,TIARE,1
Aceites,ACEITE NUTRITIVO 34 ML TIARE,34 ML,TIARE,1
Aceites,ACEITE NUTRITIVO 120 ML TIARE,120 ML,TIARE,1
Aceites,ACEITE NUTRITIVO 120 ML TIARE+JOJOBA,120 ML,TIARE+JOJOBA,1
Aceites,ACEITE PARA MASAJES 34 ML AMOR,34 ML,AMOR,1
Aceites,ACEITE PARA MASAJES 240 ML AMOR,240 ML,AMOR,1
Aceites,ACEITE PARA MASAJES 34 ML ARMONÍA,34 ML,ARMONÍA,1
Aceites,ACEITE PARA MASAJES 240 ML ARMONÍA,240 ML,ARMONÍA,1
Aceites,ACEITE PARA MASAJES 34 ML ENERGÍA,34 ML,ENERGÍA,1
Aceites,ACEITE PARA MASAJES 240 ML ENERGÍA,240 ML,ENERGÍA,1
Aceites,ACEITE PARA MASAJES 34 ML FELICIDAD,34 ML,FELICIDAD,1
Aceites,ACEITE PARA MASAJES 240 ML FELICIDAD,240 ML,FELICIDAD,1
Aceites,ACEITE PARA MASAJES 240 ML HIERBA LUISA,240 ML,HIERBA LUISA,1
Aceites,ACEITE PARA MASAJES 34 ML SERENIDAD,34 ML,SERENIDAD,1
Aceites,ACEITE PARA MASAJES 240 ML SERENIDAD,240 ML,SERENIDAD,1
Aceites,ACEITE PARA MASAJES 34 ML TRANQ.,34 ML,TRANQ.,1
Aceites,ACEITE PARA MASAJES 240 ML TRANQ.,240 ML,TRANQ.,1
Burbujas,BURBUJAS DE BAÑO 173 ML AMOR,173 ML,AMOR,1
Burbujas,BURBUJAS DE BAÑO 520 ML AMOR,520 ML,AMOR,1
Burbujas,BURBUJAS DE BAÑO 173 ML ARMONÍA,173 ML,ARMONÍA,1
Burbujas,BURBUJAS DE BAÑO 520 ML ARMONÍA,520 ML,ARMONÍA,1
Burbujas,BURBUJAS DE BAÑO 173 ML ENERGÍA,173 ML,ENERGÍA,1
Burbujas,BURBUJAS DE BAÑO 520 ML ENERGÍA,520 ML,ENERGÍA,1
Burbujas,BURBUJAS DE BAÑO 34 ML FELICIDAD,34 ML,FELICIDAD,1
Burbujas,BURBUJAS DE BAÑO 173 ML FELICIDAD,173 ML,FELICIDAD,1
Burbujas,BURBUJAS DE BAÑO 520 ML FELICIDAD,520 ML,FELICIDAD,1
Burbujas,BURBUJAS DE BAÑO 34 ML SERENIDAD,34 ML,SERENIDAD,1
Burbujas,BURBUJAS DE BAÑO 173 ML SERENIDAD,173 ML,SERENIDAD,1
Burbujas,BURBUJAS DE BAÑO 520 ML SERENIDAD,520 ML,SERENIDAD,1
Burbujas,BURBUJAS DE BAÑO 34 ML TRANQ.,34 ML,TRANQ.,1
Burbujas,BURBUJAS DE BAÑO 173 ML TRANQ.,173 ML,TRANQ.,1
Burbujas,BURBUJAS DE BAÑO 520 ML TRANQ.,520 ML,TRANQ.,1
Burbujas,BURBUJAS DE BAÑO HOTELERO 34 ML SERENIDAD,34 ML,SERENIDAD,1
Colonias,COLONIA 10 ML AMOR,10 ML,AMOR,1
Colonias,COLONIA 180 ML AMOR,180 ML,AMOR,1
Colonias,COLONIA 10 ML ARMONÍA,10 ML,ARMONÍA,1
Colonias,COLONIA 180 ML ARMONÍA,180 ML,ARMONÍA,1
Colonias,COLONIA 10 ML ENERGÍA,10 ML,ENERGÍA,1
Colonias,COLONIA 180 ML ENERGÍA,180 ML,ENERGÍA,1
Colonias,COLONIA 10 ML FELICIDAD,10 ML,FELICIDAD,1
Colonias,COLONIA 180 ML FELICIDAD,180 ML,FELICIDAD,1
Colonias,COLONIA 10 ML SERENIDAD,10 ML,SERENIDAD,1
Colonias,COLONIA 180 ML SERENIDAD,180 ML,SERENIDAD,1
Colonias,COLONIA 10 ML TRANQ.,10 ML,TRANQ.,1
Colonias,COLONIA 180 ML TRANQ.,180 ML,TRANQ.,1
Baño,CONDITIONER CORPORATIVO GALON ARMONÍA,GALON,ARMONÍA,1
Baño,CONDITIONER CORPORATIVO GALON SERENIDAD,GALON,SERENIDAD,1
Cremas,CREMA HUMECTANTE 30 ML AMOR,30 ML,AMOR,1
Cremas,CREMA HUMECTANTE 190 GR AMOR,190 GR,AMOR,1
Cremas,CREMA HUMECTANTE 30 ML ARMONÍA,30 ML,ARMONÍA,1
Cremas,CREMA HUMECTANTE 190 GR ARMONÍA,190 GR,ARMONÍA,1
Cremas,CREMA HUMECTANTE 30 ML ENERGÍA,30 ML,ENERGÍA,1
Cremas,CREMA HUMECTANTE 190 GR ENERGÍA,190 GR,ENERGÍA,1
Cremas,CREMA HUMECTANTE 30 ML FELICIDAD,30 ML,FELICIDAD,1
Cremas,CREMA HUMECTANTE 190 GR FELICIDAD,190 GR,FELICIDAD,1
Cremas,CREMA HUMECTANTE 30 ML SERENIDAD,30 ML,SERENIDAD,1
Cremas,CREMA HUMECTANTE 190 GR SERENIDAD,190 GR,SERENIDAD,1
Cremas,CREMA HUMECTANTE 30 ML TRANQ.,30 ML,TRANQ.,1
Cremas,CREMA HUMECTANTE 190 GR TRANQ.,190 GR,TRANQ.,1
Repelentes,REPELENTE 100 ML -,100 ML,,1
Repelentes,REPELENTE 60 ML -,60 ML,,1
Repelentes,REPELENTE GALON -,GALON,,1
Exfoliantes,ESPUMA EXFOLIANTE 400 GR COCO,400 GR,COCO,1
Exfoliantes,ESPUMA EXFOLIANTE 400 GR HIERBA LUISA,400 GR,HIERBA LUISA,1
Exfoliantes,ESPUMA EXFOLIANTE 400 GR LIMON,400 GR,LIMON,1
Exfoliantes,ESPUMA EXFOLIANTE 400 GR ROSAS,400 GR,ROSAS,1
Exfoliantes,ESPUMA EXFOLIANTE 400 GR TE VERDE,400 GR,TE VERDE,1
Exfoliantes,ESPUMA EXFOLIANTE 400 GR UVA,400 GR,UVA,1
Exfoliantes,EXFOLIANTE JABONOSO 220 ML AMOR,220 ML,AMOR,1
Exfoliantes,EXFOLIANTE JABONOSO 220 ML ARMONÍA,220 ML,ARMONÍA,1
Exfoliantes,EXFOLIANTE JABONOSO 34 ML BAMBOO,34 ML,BAMBOO,1
Exfoliantes,EXFOLIANTE JABONOSO 120 ML BAMBOO,120 ML,BAMBOO,1
Exfoliantes,EXFOLIANTE JABONOSO 34 ML DURAZNO MANZANA,34 ML,DURAZNO MANZANA,1
Exfoliantes,EXFOLIANTE JABONOSO 120 ML DURAZNO MANZANA,120 ML,DURAZNO MANZANA,1
Exfoliantes,EXFOLIANTE JABONOSO 220 ML ENERGÍA,220 ML,ENERGÍA,1
Exfoliantes,EXFOLIANTE JABONOSO 220 ML FELICIDAD,220 ML,FELICIDAD,1
Exfoliantes,EXFOLIANTE JABONOSO 34 ML HIERBA LUISA,34 ML,HIERBA LUISA,1
Exfoliantes,EXFOLIANTE JABONOSO 120 ML HIERBA LUISA,120 ML,HIERBA LUISA,1
Exfoliantes,EXFOLIANTE JABONOSO 34 ML MARACUYA,34 ML,MARACUYA,1
Exfoliantes,EXFOLIANTE JABONOSO 120 ML MARACUYA,120 ML,MARACUYA,1
Exfoliantes,EXFOLIANTE JABONOSO 120 ML ORQUIDEA BLANCA,120 ML,ORQUIDEA BLANCA,1
Exfoliantes,EXFOLIANTE JABONOSO 220 ML SERENIDAD,220 ML,SERENIDAD,1
Exfoliantes,EXFOLIANTE JABONOSO 220 ML TRANQ.,220 ML,TRANQ.,1
Exfoliantes,EXFOLIANTE OLEOSO 200 GR AMOR,200 GR,AMOR,1
Exfoliantes,EXFOLIANTE OLEOSO 200 GR ARMONÍA,200 GR,ARMONÍA,1
Exfoliantes,EXFOLIANTE OLEOSO 200 GR ENERGÍA,200 GR,ENERGÍA,1
Exfoliantes,EXFOLIANTE OLEOSO 200 GR FELICIDAD,200 GR,FELICIDAD,1
Exfoliantes,EXFOLIANTE OLEOSO 200 GR SERENIDAD,200 GR,SERENIDAD,1
Exfoliantes,EXFOLIANTE OLEOSO 200 GR TRANQ.,200 GR,TRANQ.,1
Baño,GEL ANTIBACTERIAL 35 ML AMOR,35 ML,AMOR,1
Baño,GEL ANTIBACTERIAL 35 ML ARMONÍA,35 ML,ARMONÍA,1
Baño,GEL ANTIBACTERIAL 35 ML ENERGÍA,35 ML,ENERGÍA,1
Baño,GEL ANTIBACTERIAL 35 ML FELICIDAD,35 ML,FELICIDAD,1
Baño,GEL ANTIBACTERIAL 35 ML SERENIDAD,35 ML,SERENIDAD,1
Baño,GEL ANTIBACTERIAL 35 ML TRANQ.,35 ML,TRANQ.,1
Jabones,JABON AROMANDINA 100 GR CHIRIMOYA,100 GR,CHIRIMOYA,1
Jabones,JABON AROMANDINA 100 GR COCA MENTA,100 GR,COCA MENTA,1
Jabones,JABON AROMANDINA 100 GR HIERBA LUISA,100 GR,HIERBA LUISA,1
Jabones,JABON AROMANDINA 100 GR LUCUMA,100 GR,LUCUMA,1
Jabones,JABON AROMANDINA 100 GR MUÑA,100 GR,MUÑA,1
Jabones,JABON AROMANDINA 100 GR PALO SANTO,100 GR,PALO SANTO,1
Jabones,JABON AROMANDINA 100 GR RUDA,100 GR,RUDA,1
Jabones,JABON DE LA ABUELA 100 GR ALMENDRA VAINILLA,100 GR,ALMENDRA VAINILLA,1
Jabones,JABON DE LA ABUELA 100 GR FRUTAS SILVESTRES,100 GR,FRUTAS SILVESTRES,1
Jabones,"JABON DE LA ABUELA 100 GR LECHE, AVENA Y MIEL",100 GR,"LECHE, AVENA Y MIEL",1
Jabones,JABON DE LA ABUELA 100 GR LIMA LAVANDA,100 GR,LIMA LAVANDA,1
Jabones,JABON ESPUMOSO ROSTRO 200 ML AMOR,200 ML,AMOR,1
Jabones,JABON ESPUMOSO ROSTRO 50 ML AMOR,50 ML,AMOR,1
Jabones,JABON ESPUMOSO ROSTRO 200 ML BAMBOO,200 ML,BAMBOO,1
Jabones,JABON ESPUMOSO ROSTRO 50 ML BAMBOO,50 ML,BAMBOO,1
Jabones,JABON ESPUMOSO ROSTRO 200 ML ENERGÍA,200 ML,ENERGÍA,1
Jabones,JABON ESPUMOSO ROSTRO 50 ML ENERGÍA,50 ML,ENERGÍA,1
Jabones,JABON ESPUMOSO ROSTRO 200 ML HIERBA LUISA,200 ML,HIERBA LUISA,1
Jabones,JABON ESPUMOSO ROSTRO 50 ML HIERBA LUISA,50 ML,HIERBA LUISA,1
Jabones,JABON ESPUMOSO ROSTRO 200 ML TE VERDE,200 ML,TE VERDE,1
Jabones,JABON ESPUMOSO ROSTRO 50 ML TE VERDE,50 ML,TE VERDE,1
Jabones,JABON GLICERINA - TAJADA,,,1
Jabones,JABON HERBAL 180 GR ASTRINGENTE,180 GR,ASTRINGENTE,1
Jabones,JABON HERBAL 180 GR EXFOLIANTE,180 GR,EXFOLIANTE,1
Jabones,JABON HERBAL 180 GR HUMECTANTE,180 GR,HUMECTANTE,1
Jabones,JABON HERBAL 180 GR RUDA,180 GR,RUDA,1
Jabones,JABON HERBAL 180 GR TONIFICANTE,180 GR,TONIFICANTE,1
Jabones,JABON HERBAL HOTELERO 33 GR HIERBA LUISA,33 GR,HIERBA LUISA,1
Jabones,JABON LIQUIDO 30 ML AMOR,30 ML,AMOR,1
Jabones,JABON LIQUIDO 200 ML AMOR,200 ML,AMOR,1
Jabones,JABON LIQUIDO 150 ML AMOR,150 ML,AMOR,1
Jabones,JABON LIQUIDO 30 ML ARMONÍA,30 ML,ARMONÍA,1
Jabones,JABON LIQUIDO 150 ML ARMONÍA,150 ML,ARMONÍA,1
Jabones,JABON LIQUIDO 200 ML ENERGÍA,200 ML,ENERGÍA,1
Jabones,JABON LIQUIDO 150 ML ENERGÍA,150 ML,ENERGÍA,1
Jabones,JABON LIQUIDO 30 ML FELICIDAD,30 ML,FELICIDAD,1
Jabones,JABON LIQUIDO 200 ML FELICIDAD,200 ML,FELICIDAD,1
Jabones,JABON LIQUIDO 150 ML FELICIDAD,150 ML,FELICIDAD,1
Jabones,JABON LIQUIDO 30 ML SERENIDAD,30 ML,SERENIDAD,1
Jabones,JABON LIQUIDO 200 ML SERENIDAD,200 ML,SERENIDAD,1
Jabones,JABON LIQUIDO 150 ML SERENIDAD,150 ML,SERENIDAD,1
Jabones,JABON LIQUIDO 30 ML TRANQ.,30 ML,TRANQ.,1
Jabones,JABON LIQUIDO 200 ML TRANQ.,200 ML,TRANQ.,1
Jabones,JABON LIQUIDO 150 ML TRANQ.,150 ML,TRANQ.,1
Jabones,JABON LIQUIDO HOTELERO GALON ARMONÍA,GALON,ARMONÍA,1
Jabones,JABON LIQUIDO HOTELERO GALON SERENIDAD,GALON,SERENIDAD,1
Jabones,JABON OLIVA 100 GR ALMENDRAS,100 GR,ALMENDRAS,1
Jabones,JABON OLIVA 100 GR CHOCOLATE,100 GR,CHOCOLATE,1
Jabones,JABON OLIVA 100 GR COCA MENTA,100 GR,COCA MENTA,1
Jabones,JABON OLIVA 100 GR COCO,100 GR,COCO,1
Jabones,JABON OLIVA 100 GR LAVANDA,100 GR,LAVANDA,1
Jabones,JABON OLIVA 100 GR MANZANILLA,100 GR,MANZANILLA,1
Lociones,LOCION PARA MANOS Y CUERPO 50 ML CHIRIMOYA,50 ML,CHIRIMOYA,1
Lociones,LOCION PARA MANOS Y CUERPO 50 ML HIERBA LUISA,50 ML,HIERBA LUISA,1
Lociones,LOCION PARA MANOS Y CUERPO 50 ML LUCUMA,50 ML,LUCUMA,1
Lociones,LOCION PARA MANOS Y CUERPO 50 ML MENTA,50 ML,MENTA,1
Lociones,LOCION PARA MANOS Y CUERPO 50 ML MUÑA,50 ML,MUÑA,1
Lociones,LOCION PARA MANOS Y CUERPO 50 ML PALO SANTO,50 ML,PALO SANTO,1
Baño,SALES EN BALA 80 GR FRUTAS TROPICALES,80 GR,FRUTAS TROPICALES,1
Baño,SALES EN BALA 80 GR HIERBA LUISA,80 GR,HIERBA LUISA,1
Baño,"SALES EN BALA 80 GR LECHE, AVENA Y MIEL",80 GR,"LECHE, AVENA Y MIEL",1
Baño,SALES EN BALA 80 GR MANZANILLA,80 GR,MANZANILLA,1
Baño,SALES EN BALA 80 GR ROSAS,80 GR,ROSAS,1
Baño,SHAMPOO X LT 1000 GR ARMONÍA,1000 GR,ARMONÍA,1
Baño,SHAMPOO X LT 1000 GR COCO,1000 GR,COCO,1
Baño,SHAMPOO X LT 1000 GR SERENIDAD,1000 GR,SERENIDAD,1
Baño,SHAMPOO X LT 1000 GR TRANQ.,1000 GR,TRANQ.,1
Baño,SHAMPOO X LT 1000 GR FELICIDAD,1000 GR,FELICIDAD,1
Baño,SHAMPOO HOTELERO GALON ARMONÍA,GALON,ARMONÍA,1
Baño,SHAMPOO HOTELERO GALON SERENIDAD,GALON,SERENIDAD,1
Kits,KIT ALMOHADILLA LAVANDA- MANZANILLA,,LAVANDA- MANZANILLA,1
Kits,KIT BARRILITO,,,1
Kits,KIT BOTANICO,,,1
Kits,KIT BURBUJA,,,1
Kits,KIT COCO,,,1
Kits,KIT COFRE DE ALMENDRAS,,,1
Kits,KIT ESPONJA LAVANDA- MANZANILLA,,LAVANDA- MANZANILLA,1
Kits,KIT HIERBA LUISA,,,1
Kits,KIT FRESH VERBENA,,,1
Kits,KIT TETERA,,,1
Kits,KIT TIARE,,,1
Kits,KIT VELA BOTÁNICA,,,1
Kits,KIT ZEN AMOR,,AMOR,1
Kits,KIT ZEN ARMONÍA,,ARMONÍA,1
Kits,KIT ZEN ENERGÍA,,ENERGÍA,1
Kits,KIT ZEN FELICIDAD,,FELICIDAD,1
Kits,KIT ZEN SERENIDAD,,SERENIDAD,1
Kits,KIT ZEN TRANQ.,,TRANQ.,1
Baño,SALES EFERVESCENTES 50 GR BRISAS DEL MAR,50 GR,BRISAS DEL MAR,1
Baño,SALES EFERVESCENTES 50 GR CANELA,50 GR,CANELA,1
Baño,SALES EFERVESCENTES 50 GR HIERBA LUISA,50 GR,HIERBA LUISA,1
Baño,SALES EFERVESCENTES 50 GR LAVANDA,50 GR,LAVANDA,1
Baño,SALES EFERVESCENTES 50 GR MANZANILLA,50 GR,MANZANILLA,1
Baño,SALES EFERVESCENTES 50 GR ROSAS,50 GR,ROSAS,1
Jabones,JABON DE LA ABUELA CAJA X 3 UNIDADES,,,1
Jabones,JABON OLIVA CAJA X 3 UNIDADES,,,1
Baño,SALES EN BALA CAJA X 4 UNIDADES,,,1
Accesorios,PORTA POTPOURRI C/ POTPOURRI,,,1
Accesorios,ROLLER DE JADE,,,1
Sprays,SPRAY AROMATIZADOR ALCOHOL70° 550 ML FELICIDAD,550 ML,FELICIDAD,1
Sprays,SPRAY AROMATIZADOR ALCOHOL70° 550 ML TÉ VERBENA,550 ML,TÉ VERBENA,1
Jabones,PACK X 2 JABON EXTRA CREMOSO 180 GR COCO,180 GR,COCO,1
Jabones,PACK X 2 JABON EXTRA CREMOSO 180 GR ORQUIDEA BLANCA,180 GR,ORQUIDEA BLANCA,1
Baño,SHAMPOO CORPORATIVO 1.3 LITROS ARMONÍA,1.3 LITROS,ARMONÍA,1
Baño,SHAMPOO CORPORATIVO 1.3 LITROS COCO,1.3 LITROS,COCO,1
Baño,SHAMPOO CORPORATIVO 1.3 LITROS TRANQ.,1.3 LITROS,TRANQ.,1
Baño,CONDITIONER X1 LT 1000 ML ARMONÍA,1000 ML,ARMONÍA,1
Baño,CONDITIONER X1 LT 1000 ML COCO,1000 ML,COCO,1
Baño,CONDITIONER X1 LT 1000 ML TRANQ.,1000 ML,TRANQ.,1
Colonias,COLONIAS EDICION ESPECIAL 180 ML ORQUIDEA BLANCA,180 ML,ORQUIDEA BLANCA,1
Colonias,COLONIAS EDICION ESPECIAL 180 ML TÉ VERBENA,180 ML,TÉ VERBENA,1
Accesorios,ALMOHADILLA CINTURA ED. LIMITADA,,,1
Accesorios,ALMOHADILLA CUELLO ED.LIMITADA,,,1
Kits,KIT ORQUIDEA BLANCA,,,1
Baño,BLEND BABY FACE,,,1
Baño,BLEND POWER HAIR,,,1
Baño,BLEND SEXY LOOK,,,1
Baño,BAMBOO EDICION LIMITADA 200 ML TE VERDE,200 ML,TE VERDE,1
Baño,BAMBOO EDICION LIMITADA 200 ML VAINILLA,200 ML,VAINILLA,1
Baño,JABONCITO 33 GR,33 GR,,1
Baño,ESPONJA VEGETAL - 1/2  LOOFA,,,1
Baño,GEL ANTIBACTERIAL RULETA,,,1
Baño,BURBUJAS MINI RULETA,,,1
Baño,SHAMPOO MINI RULETA,,,1
Baño,CONDITIONER MINI RULETA,,,1
Sprays,MINI SPRAYS RULETA,,,1
Aceites,MINI ACEITE NUTRITIVO RULETA,,,1
Jabones,JABON DE REGALO FLOR,,,1
Kits,KIT ZEN RENOVADO AMOR,,AMOR,1
Kits,KIT ZEN RENOVADO ARMONÍA,,ARMONÍA,1
Kits,KIT ZEN RENOVADO ENERGÍA,,ENERGÍA,1
Kits,KIT ZEN RENOVADO FELICIDAD,,FELICIDAD,1
Kits,KIT ZEN RENOVADO SERENIDAD,,SERENIDAD,1
Kits,KIT ZEN RENOVADO TRANQ.,,TRANQ.,1
Accesorios,DIFUSOR CANDLE LAMP #1 2023,,,1
Accesorios,DIFUSOR VOLCANO #3 2023,,,1
Accesorios,DIFUSOR SALT STONE #4 2023,,,1
Accesorios,DIFUSOR FLAME #5 2023,,,1
Accesorios,DIFUSOR MADERA #6 2023,,,1
Baño,JABON HERBAL 33 GR RULETA 33 GR,33 GR,,1
Aceites,ACEITE TIARE+JOJOBA 120 ML TIARE+JOJOBA,120 ML,TIARE+JOJOBA,1
Kits,KIT CUARZOS,,,1
Accesorios,VELA MANDALA,,,2
Fragancias,FRAGANCIA ARIES 10 ML,10 ML,,2
Fragancias,FRAGANCIA TAURO 10 ML,10 ML,,2
Fragancias,FRAGANCIA GEMENIS 10 ML,10 ML,,2
Fragancias,FRAGANCIA CANCER 10 ML,10 ML,,2
Fragancias,FRAGANCIA LEO 10 ML,10 ML,,2
Fragancias,FRAGANCIA VIRGO 10 ML,10 ML,,2
Fragancias,FRAGANCIA LIBRA 10 ML,10 ML,,2
Fragancias,FRAGANCIA ESCORPIO 10 ML,10 ML,,2
Fragancias,FRAGANCIA SAGITARIO 10 ML,10 ML,,2
Fragancias,FRAGANCIA CAPRICORNIO 10 ML,10 ML,,2
Fragancias,FRAGANCIA ACUARIO 10 ML,10 ML,,2
Fragancias,FRAGANCIA PISCIS 10 ML,10 ML,,2
Accesorios,PORTA INCIENSO DRAGON LARGO,,,2
Accesorios,PORTA INCIENSO DRAGON CERAMICA GRANDE LOTTO,,,2
Accesorios,PORTA INCIENSO DRAGON CERAMICA GRANDE CASTILLO,,,2
Inciensos,INCIENSO CONO VEGETAL X 5 UNID,,,2
Aceites,ACEITE NUTRITIVO COCO 34 ML COCO,34 ML,COCO,2
Fragancias,FRAGANCIA ORQUIDEA BLANCA 500 ML ORQUIDEA BLANCA,500 ML,ORQUIDEA BLANCA,2
Accesorios,PACK SKIN CARE WEEKEND,,,2
Accesorios,DIFUSOR #1 LAMP 2024,,,2
Accesorios,DIFUSOR #2 110 ML 2024,,,2
Accesorios,DIFUSOR #3 BLANCO 200 ML 2024,,,2
Accesorios,DIFUSOR #4 MADERA 500 ML 2024,,,2
Accesorios,DIFUSOR #5 300 ML 2024,,,2
Accesorios,DIFUSOR #6 FLAME 250 ML 2024,,,2
Accesorios,ROLLER FACIAL JADE,,,2
Accesorios,ROLLER FACIAL ROSA,,,2
Accesorios,GUASHA FACIAL JADE,,,2
Accesorios,GUASHA FACIL ROSA,,,2
Accesorios,NECESSER,,,2
Kits,KIT CANASTITA,,,2
Baño,MINI BURBUJA DE BAÑO AMOR + PUMP 173 ML,173 ML,,2
Baño,MINI BURBUJA DE BAÑO TRANQ + PUMP 173 ML,173 ML,,2
Baño,MINI BURBUJA DE BAÑO ARMONÍA + PUMP 173 ML,173 ML,,2
Baño,MINI BURBUJA DE BAÑO SERENIDAD + PUMP 173 ML,173 ML,,2
Baño,MINI BURBUJA DE BAÑO FELICIDAD + PUMP 173 ML,173 ML,,2
Baño,MINI BURBUJA DE BAÑO ENERGÍA + PUMP 173 ML,173 ML,,2
Baño,BURBUJA DE BAÑO AMOR + PUMP 520 ML,520 ML,,2
Baño,BURBUJA DE BAÑO TRANQ + PUMP 520 ML,520 ML,,2
Baño,BURBUJA DE BAÑO ARMONÍA + PUMP 520 ML,520 ML,,2
Baño,BURBUJA DE BAÑO SERENIDAD + PUMP 520 ML,520 ML,,2
Baño,BURBUJA DE BAÑO ENERGÍA + PUMP 520 ML,520 ML,,2
Baño,BURBUJA DE BAÑO FELICIDAD + PUMP 520 ML,520 ML,,2
Aceites,ACEITE PARA BARBA 10 ML,10 ML,,2
Kits,KIT BUDA LIMPIADOR DE ENERGIAS,,,2
Exfoliantes,EXFOLIANTE 34 ML RULETA 34 ML,34 ML,,2
Cremas,CREMA 30 GR RULETA 30 GR,30 GR,,2
Baño,BURBUJAS DE BAÑO HOTELERA 34 ML ARMONÍA,34 ML,ARMONÍA,2
Accesorios,DIFUSOR AROMACARE 1.3 LT 2022,,,2
Sprays,SPRAY HIERBA LUISA GALON,GALON,,2
Sprays,SPRAY ENERGIA GALON,GALON,,2
Accesorios,VINCHA BLANCA,,,2
Accesorios,PACK X 2 INCIENSO CONO VEGETAL X 5 UNID,,,2