name,category,subcategory,volume,weight,fragance,other,,Stock Actual
APAGA VELA,ACCESORIOS,,,,,,,
CANASTA CHICA,ACCESORIOS,,,,,,,
CANASTA GRANDE,ACCESORIOS,,,,,,,
ESPONJA TEJIDA,ACCESORIOS,,,,,,,
ESPONJA VEGETAL-LOOFA,ACCESORIOS,,,,,,,
GUANTES EXFOLIANTES,ACCESORIOS,,,,,,,
PORTA INCIENSO LARGO,ACCESORIOS,,,,,,,
PORTA POTPOURRI S/ POTPOURRI,ACCESORIOS,,,,,,,
POSA VELA CERÁMICA GRANDE,ACCESORIOS,,,,,,,
AROMATIZADOR BAMBOO 180 ML AMOR,AROMATIZADORES,BAMBOO,180 ML,,AMOR,,,
AROMATIZADOR BAMBOO 180 ML ARMONÍA,AROMATIZADORES,BAMBOO,180 ML,,ARMONÍA,,,
AROMATIZADOR BAMBOO 180 ML ENERGÍA,AROMATIZADORES,BAMBOO,180 ML,,ENERGÍA,,,
AROMATIZADOR BAMBOO 180 ML EUCALIPTO,AROMATIZADORES,BAMBOO,180 ML,,EUCALIPTO,,,
AROMATIZADOR BAMBOO 180 ML FELICIDAD,AROMATIZADORES,BAMBOO,180 ML,,FELICIDAD,,,
AROMATIZADOR BAMBOO 180 ML HIERBA LUISA,AROMATIZADORES,BAMBOO,180 ML,,HIERBA LUISA,,,
AROMATIZADOR BAMBOO 180 ML LAVANDA,AROMATIZADORES,BAMBOO,180 ML,,LAVANDA,,,
AROMATIZADOR BAMBOO 180 ML MANDARINA,AROMATIZADORES,BAMBOO,180 ML,,MANDARINA,,,
AROMATIZADOR BAMBOO 180 ML MANZANA CANELA,AROMATIZADORES,BAMBOO,180 ML,,MANZANA CANELA,,,
AROMATIZADOR BAMBOO 180 ML ORQUIDEA BLANCA,AROMATIZADORES,BAMBOO,180 ML,,ORQUIDEA BLANCA,,,
AROMATIZADOR BAMBOO 180 ML ROSAS,AROMATIZADORES,BAMBOO,180 ML,,ROSAS,,,
AROMATIZADOR BAMBOO 180 ML SERENIDAD,AROMATIZADORES,BAMBOO,180 ML,,SERENIDAD,,,
AROMATIZADOR BAMBOO 180 ML TÉ VERBENA,AROMATIZADORES,BAMBOO,180 ML,,TÉ VERBENA,,,
AROMATIZADOR BAMBOO 180 ML TE VERDE,AROMATIZADORES,BAMBOO,180 ML,,TE VERDE,,,
AROMATIZADOR BAMBOO 180 ML TRANQ.,AROMATIZADORES,BAMBOO,180 ML,,TRANQUILIDAD,,,
AROMATIZADOR BAMBOO 180 ML VAINILLA,AROMATIZADORES,BAMBOO,180 ML,,VAINILLA,,,
AROMATIZADOR BAMBOO REPUESTO 180 ML AMOR,AROMATIZADORES,BAMBOO,180 ML,,AMOR,REPUESTOS,,
AROMATIZADOR BAMBOO REPUESTO 180 ML ARMONÍA,AROMATIZADORES,BAMBOO,180 ML,,ARMONÍA,REPUESTOS,,
AROMATIZADOR BAMBOO REPUESTO 180 ML ENERGÍA,AROMATIZADORES,BAMBOO,180 ML,,ENERGÍA,REPUESTOS,,
AROMATIZADOR BAMBOO REPUESTO 180 ML EUCALIPTO,AROMATIZADORES,BAMBOO,180 ML,,EUCALIPTO,REPUESTOS,,
AROMATIZADOR BAMBOO REPUESTO 180 ML FELICIDAD,AROMATIZADORES,BAMBOO,180 ML,,FELICIDAD,REPUESTOS,,
AROMATIZADOR BAMBOO REPUESTO 180 ML HIERBA LUISA,AROMATIZADORES,BAMBOO,180 ML,,HIERBA LUISA,REPUESTOS,,
AROMATIZADOR BAMBOO REPUESTO 180 ML LAVANDA,AROMATIZADORES,BAMBOO,180 ML,,LAVANDA,REPUESTOS,,
AROMATIZADOR BAMBOO REPUESTO 180 ML MANDARINA,AROMATIZADORES,BAMBOO,180 ML,,MANDARINA,REPUESTOS,,
AROMATIZADOR BAMBOO REPUESTO 180 ML MANZANA CANELA,AROMATIZADORES,BAMBOO,180 ML,,MANZANA CANELA,REPUESTOS,,
AROMATIZADOR BAMBOO REPUESTO 180 ML ORQUIDEA BLANCA,AROMATIZADORES,BAMBOO,180 ML,,ORQUIDEA BLANCA,REPUESTOS,,
AROMATIZADOR BAMBOO REPUESTO 180 ML ROSAS,AROMATIZADORES,BAMBOO,180 ML,,ROSAS,REPUESTOS,,
AROMATIZADOR BAMBOO REPUESTO 180 ML SERENIDAD,AROMATIZADORES,BAMBOO,180 ML,,SERENIDAD,REPUESTOS,,
AROMATIZADOR BAMBOO REPUESTO 180 ML TÉ VERBENA,AROMATIZADORES,BAMBOO,180 ML,,TÉ VERBENA,REPUESTOS,,
AROMATIZADOR BAMBOO REPUESTO 180 ML TE VERDE,AROMATIZADORES,BAMBOO,180 ML,,TE VERDE,REPUESTOS,,
AROMATIZADOR BAMBOO REPUESTO 180 ML TRANQ.,AROMATIZADORES,BAMBOO,180 ML,,TRANQUILIDAD,REPUESTOS,,
AROMATIZADOR BAMBOO REPUESTO 180 ML VAINILLA,AROMATIZADORES,BAMBOO,180 ML,,VAINILLA,REPUESTOS,,
CAJONERAS,AROMATIZADORES,CAJONERAS,,,,,,
FRAGANCIA 10 ML ALMENDRAS,AROMATIZADORES,FRAGANCIAS,10 ML,,ALMENDRAS,,,
FRAGANCIA 20 ML ALMENDRAS,AROMATIZADORES,FRAGANCIAS,20 ML,,ALMENDRAS,,,
FRAGANCIA 30 ML ALMENDRAS,AROMATIZADORES,FRAGANCIAS,30 ML,,ALMENDRAS,,,
FRAGANCIA 30 ML AMOR,AROMATIZADORES,FRAGANCIAS,30 ML,,AMOR,,,
FRAGANCIA 10 ML ANTI STRESS,AROMATIZADORES,FRAGANCIAS,10 ML,,ANTI STRESS,,,
FRAGANCIA 20 ML ANTI STRESS,AROMATIZADORES,FRAGANCIAS,20 ML,,ANTI STRESS,,,
FRAGANCIA 30 ML ANTI STRESS,AROMATIZADORES,FRAGANCIAS,30 ML,,ANTI STRESS,,,
FRAGANCIA 10 ML ARMONÍA,AROMATIZADORES,FRAGANCIAS,10 ML,,ARMONÍA,,,
FRAGANCIA 30 ML ARMONÍA,AROMATIZADORES,FRAGANCIAS,30 ML,,ARMONÍA,,,
FRAGANCIA 10 ML BAMBOO,AROMATIZADORES,FRAGANCIAS,10 ML,,BAMBOO,,,
FRAGANCIA 20 ML BAMBOO,AROMATIZADORES,FRAGANCIAS,20 ML,,BAMBOO,,,
FRAGANCIA 30 ML BAMBOO,AROMATIZADORES,FRAGANCIAS,30 ML,,BAMBOO,,,
FRAGANCIA 10 ML CANELA,AROMATIZADORES,FRAGANCIAS,10 ML,,CANELA,,,
FRAGANCIA 20 ML CANELA,AROMATIZADORES,FRAGANCIAS,20 ML,,CANELA,,,
FRAGANCIA 30 ML CANELA,AROMATIZADORES,FRAGANCIAS,30 ML,,CANELA,,,
FRAGANCIA 10 ML COCO,AROMATIZADORES,FRAGANCIAS,10 ML,,COCO,,,
FRAGANCIA 20 ML COCO,AROMATIZADORES,FRAGANCIAS,20 ML,,COCO,,,
FRAGANCIA 30 ML COCO,AROMATIZADORES,FRAGANCIAS,30 ML,,COCO,,,
FRAGANCIA 20 ML ENERGÍA,AROMATIZADORES,FRAGANCIAS,20 ML,,ENERGÍA,,,
FRAGANCIA 30 ML ENERGÍA,AROMATIZADORES,FRAGANCIAS,30 ML,,ENERGÍA,,,
FRAGANCIA 10 ML ENERGIZANTE,AROMATIZADORES,FRAGANCIAS,10 ML,,ENERGIZANTE,,,
FRAGANCIA 20 ML ENERGIZANTE,AROMATIZADORES,FRAGANCIAS,20 ML,,ENERGIZANTE,,,
FRAGANCIA 30 ML ENERGIZANTE,AROMATIZADORES,FRAGANCIAS,30 ML,,ENERGIZANTE,,,
FRAGANCIA 10 ML EUCALIPTO,AROMATIZADORES,FRAGANCIAS,10 ML,,EUCALIPTO,,,
FRAGANCIA 20 ML EUCALIPTO,AROMATIZADORES,FRAGANCIAS,20 ML,,EUCALIPTO,,,
FRAGANCIA 30 ML EUCALIPTO,AROMATIZADORES,FRAGANCIAS,30 ML,,EUCALIPTO,,,
FRAGANCIA 30 ML FELICIDAD,AROMATIZADORES,FRAGANCIAS,30 ML,,FELICIDAD,,,
FRAGANCIA 10 ML HIERBA LUISA,AROMATIZADORES,FRAGANCIAS,10 ML,,HIERBA LUISA,,,
FRAGANCIA 20 ML HIERBA LUISA,AROMATIZADORES,FRAGANCIAS,20 ML,,HIERBA LUISA,,,
FRAGANCIA 30 ML HIERBA LUISA,AROMATIZADORES,FRAGANCIAS,30 ML,,HIERBA LUISA,,,
FRAGANCIA 10 ML JAZMIN,AROMATIZADORES,FRAGANCIAS,10 ML,,JAZMIN,,,
FRAGANCIA 20 ML JAZMIN,AROMATIZADORES,FRAGANCIAS,20 ML,,JAZMIN,,,
FRAGANCIA 30 ML JAZMIN,AROMATIZADORES,FRAGANCIAS,30 ML,,JAZMIN,,,
FRAGANCIA 10 ML LAVANDA,AROMATIZADORES,FRAGANCIAS,10 ML,,LAVANDA,,,
FRAGANCIA 20 ML LAVANDA,AROMATIZADORES,FRAGANCIAS,20 ML,,LAVANDA,,,
FRAGANCIA 30 ML LAVANDA,AROMATIZADORES,FRAGANCIAS,30 ML,,LAVANDA,,,
FRAGANCIA 10 ML LIMON,AROMATIZADORES,FRAGANCIAS,10 ML,,LIMON,,,
FRAGANCIA 20 ML LIMON,AROMATIZADORES,FRAGANCIAS,20 ML,,LIMON,,,
FRAGANCIA 30 ML LIMON,AROMATIZADORES,FRAGANCIAS,30 ML,,LIMON,,,
FRAGANCIA 10 ML MANDARINA,AROMATIZADORES,FRAGANCIAS,10 ML,,MANDARINA,,,
FRAGANCIA 20 ML MANDARINA,AROMATIZADORES,FRAGANCIAS,20 ML,,MANDARINA,,,
FRAGANCIA 30 ML MANDARINA,AROMATIZADORES,FRAGANCIAS,30 ML,,MANDARINA,,,
FRAGANCIA 10 ML MANZANA,AROMATIZADORES,FRAGANCIAS,10 ML,,MANZANA,,,
FRAGANCIA 20 ML MANZANA,AROMATIZADORES,FRAGANCIAS,20 ML,,MANZANA,,,
FRAGANCIA 30 ML MANZANA,AROMATIZADORES,FRAGANCIAS,30 ML,,MANZANA,,,
FRAGANCIA 10 ML MANZANILLA,AROMATIZADORES,FRAGANCIAS,10 ML,,MANZANILLA,,,
FRAGANCIA 20 ML MANZANILLA,AROMATIZADORES,FRAGANCIAS,20 ML,,MANZANILLA,,,
FRAGANCIA 30 ML MANZANILLA,AROMATIZADORES,FRAGANCIAS,30 ML,,MANZANILLA,,,
FRAGANCIA 10 ML MENTA,AROMATIZADORES,FRAGANCIAS,10 ML,,MENTA,,,
FRAGANCIA 20 ML MENTA,AROMATIZADORES,FRAGANCIAS,20 ML,,MENTA,,,
FRAGANCIA 30 ML MENTA,AROMATIZADORES,FRAGANCIAS,30 ML,,MENTA,,,
FRAGANCIA 10 ML MUÑA,AROMATIZADORES,FRAGANCIAS,10 ML,,MUÑA,,,
FRAGANCIA 20 ML MUÑA,AROMATIZADORES,FRAGANCIAS,20 ML,,MUÑA,,,
FRAGANCIA 30 ML MUÑA,AROMATIZADORES,FRAGANCIAS,30 ML,,MUÑA,,,
FRAGANCIA 10 ML ORQUIDEA BLANCA,AROMATIZADORES,FRAGANCIAS,10 ML,,ORQUIDEA BLANCA,,,
FRAGANCIA 20 ML ORQUIDEA BLANCA,AROMATIZADORES,FRAGANCIAS,20 ML,,ORQUIDEA BLANCA,,,
FRAGANCIA 30 ML ORQUIDEA BLANCA,AROMATIZADORES,FRAGANCIAS,30 ML,,ORQUIDEA BLANCA,,,
FRAGANCIA 10 ML REFRESCANTE,AROMATIZADORES,FRAGANCIAS,10 ML,,REFRESCANTE,,,
FRAGANCIA 20 ML REFRESCANTE,AROMATIZADORES,FRAGANCIAS,20 ML,,REFRESCANTE,,,
FRAGANCIA 30 ML REFRESCANTE,AROMATIZADORES,FRAGANCIAS,30 ML,,REFRESCANTE,,,
FRAGANCIA 10 ML RELAJANTE,AROMATIZADORES,FRAGANCIAS,10 ML,,RELAJANTE,,,
FRAGANCIA 20 ML RELAJANTE,AROMATIZADORES,FRAGANCIAS,20 ML,,RELAJANTE,,,
FRAGANCIA 30 ML RELAJANTE,AROMATIZADORES,FRAGANCIAS,30 ML,,RELAJANTE,,,
FRAGANCIA 10 ML ROSAS,AROMATIZADORES,FRAGANCIAS,10 ML,,ROSAS,,,
FRAGANCIA 20 ML ROSAS,AROMATIZADORES,FRAGANCIAS,20 ML,,ROSAS,,,
FRAGANCIA 30 ML ROSAS,AROMATIZADORES,FRAGANCIAS,30 ML,,ROSAS,,,
FRAGANCIA 10 ML SANDALO,AROMATIZADORES,FRAGANCIAS,10 ML,,SANDALO,,,
FRAGANCIA 20 ML SANDALO,AROMATIZADORES,FRAGANCIAS,20 ML,,SANDALO,,,
FRAGANCIA 30 ML SANDALO,AROMATIZADORES,FRAGANCIAS,30 ML,,SANDALO,,,
FRAGANCIA 30 ML SERENIDAD,AROMATIZADORES,FRAGANCIAS,30 ML,,SERENIDAD,,,
FRAGANCIA 10 ML TÉ VERBENA,AROMATIZADORES,FRAGANCIAS,10 ML,,TÉ VERBENA,,,
FRAGANCIA 20 ML TÉ VERBENA,AROMATIZADORES,FRAGANCIAS,20 ML,,TÉ VERBENA,,,
FRAGANCIA 30 ML TÉ VERBENA,AROMATIZADORES,FRAGANCIAS,30 ML,,TÉ VERBENA,,,
FRAGANCIA 10 ML TE VERDE,AROMATIZADORES,FRAGANCIAS,10 ML,,TE VERDE,,,
FRAGANCIA 20 ML TE VERDE,AROMATIZADORES,FRAGANCIAS,20 ML,,TE VERDE,,,
FRAGANCIA 30 ML TE VERDE,AROMATIZADORES,FRAGANCIAS,30 ML,,TE VERDE,,,
FRAGANCIA 30 ML TRANQ.,AROMATIZADORES,FRAGANCIAS,30 ML,,TRANQUILIDAD,,,
FRAGANCIA 10 ML VAINILLA,AROMATIZADORES,FRAGANCIAS,10 ML,,VAINILLA,,,
FRAGANCIA 20 ML VAINILLA,AROMATIZADORES,FRAGANCIAS,20 ML,,VAINILLA,,,
FRAGANCIA 30 ML VAINILLA,AROMATIZADORES,FRAGANCIAS,30 ML,,VAINILLA,,,
FRAGANCIA DE REGALO 10 ML,AROMATIZADORES,FRAGANCIAS,10 ML,,,,,
INCIENSO AMOR,AROMATIZADORES,INCIENSOS,,,AMOR,,,
INCIENSO ARMONÍA,AROMATIZADORES,INCIENSOS,,,ARMONÍA,,,
INCIENSO ENERGÍA,AROMATIZADORES,INCIENSOS,,,ENERGÍA,,,
INCIENSO FELICIDAD,AROMATIZADORES,INCIENSOS,,,FELICIDAD,,,
INCIENSO SERENIDAD,AROMATIZADORES,INCIENSOS,,,SERENIDAD,,,
INCIENSO TRANQ.,AROMATIZADORES,INCIENSOS,,,TRANQUILIDAD,,,
CONO POTPOURRI 100 GR ANTI STRESS,AROMATIZADORES,POTPOURRI,,100 GR,ANTI STRESS,,,
CONO POTPOURRI 1 KG ANTI STRESS,AROMATIZADORES,POTPOURRI,,1 KG,ANTI STRESS,,,
CONO POTPOURRI 100 GR AROMAS DEL BOSQUE,AROMATIZADORES,POTPOURRI,,100 GR,AROMAS DEL BOSQUE,,,
CONO POTPOURRI 100 GR ENERGIZANTE,AROMATIZADORES,POTPOURRI,,100 GR,ENERGIZANTE,,,
CONO POTPOURRI 100 GR REFRESCANTE,AROMATIZADORES,POTPOURRI,,100 GR,REFRESCANTE,,,
CONO POTPOURRI 100 GR RELAJANTE,AROMATIZADORES,POTPOURRI,,100 GR,RELAJANTE,,,
CONO POTPOURRI 100 GR VAINILLA,AROMATIZADORES,POTPOURRI,,100 GR,VAINILLA,,,
SPRAY AROMATIZADOR 550 ML AMOR,AROMATIZADORES,SPRAYS,550 ML,,AMOR,,,
SPRAY AROMATIZADOR 550 ML ARMONÍA,AROMATIZADORES,SPRAYS,550 ML,,ARMONÍA,,,
SPRAY AROMATIZADOR 550 ML CLIO,AROMATIZADORES,SPRAYS,550 ML,,CLIO,,,
SPRAY AROMATIZADOR 550 ML COCO,AROMATIZADORES,SPRAYS,550 ML,,COCO,,,
SPRAY AROMATIZADOR 550 ML ENERGÍA,AROMATIZADORES,SPRAYS,550 ML,,ENERGÍA,,,
SPRAY AROMATIZADOR 550 ML EUCALIPTO,AROMATIZADORES,SPRAYS,550 ML,,EUCALIPTO,,,
SPRAY AROMATIZADOR 550 ML FELICIDAD,AROMATIZADORES,SPRAYS,550 ML,,FELICIDAD,,,
SPRAY AROMATIZADOR 30 ML HIERBA LUISA,AROMATIZADORES,SPRAYS,30 ML,,HIERBA LUISA,,,
SPRAY AROMATIZADOR 550 ML HIERBA LUISA,AROMATIZADORES,SPRAYS,550 ML,,HIERBA LUISA,,,
SPRAY AROMATIZADOR 30 ML LAVANDA,AROMATIZADORES,SPRAYS,30 ML,,LAVANDA,,,
SPRAY AROMATIZADOR 550 ML LAVANDA,AROMATIZADORES,SPRAYS,550 ML,,LAVANDA,,,
SPRAY AROMATIZADOR 30 ML MANZANA CANELA,AROMATIZADORES,SPRAYS,30 ML,,MANZANA CANELA,,,
SPRAY AROMATIZADOR 550 ML MANZANA CANELA,AROMATIZADORES,SPRAYS,550 ML,,MANZANA CANELA,,,
SPRAY AROMATIZADOR 550 ML ORQUIDEA BLANCA,AROMATIZADORES,SPRAYS,550 ML,,ORQUIDEA BLANCA,,,
SPRAY AROMATIZADOR 30 ML SERENIDAD,AROMATIZADORES,SPRAYS,30 ML,,SERENIDAD,,,
SPRAY AROMATIZADOR 550 ML SERENIDAD,AROMATIZADORES,SPRAYS,550 ML,,SERENIDAD,,,
SPRAY AROMATIZADOR 550 ML TÉ VERBENA,AROMATIZADORES,SPRAYS,550 ML,,TÉ VERBENA,,,
SPRAY AROMATIZADOR 30 ML TE VERDE,AROMATIZADORES,SPRAYS,30 ML,,TE VERDE,,,
SPRAY AROMATIZADOR 550 ML TE VERDE,AROMATIZADORES,SPRAYS,550 ML,,TE VERDE,,,
SPRAY AROMATIZADOR 550 ML TRANQ.,AROMATIZADORES,SPRAYS,550 ML,,TRANQUILIDAD,,,
SPRAY AROMATIZADOR 30 ML VAINILLA,AROMATIZADORES,SPRAYS,30 ML,,VAINILLA,,,
SPRAY AROMATIZADOR 550 ML VAINILLA,AROMATIZADORES,SPRAYS,550 ML,,VAINILLA,,,
FAROLA,AROMATIZADORES,VELAS,,,,,,
VELA BOTÁNICA BRISAS DEL MAR,AROMATIZADORES,VELAS,,,BRISAS DEL MAR,,,
VELA BOTÁNICA CANELA,AROMATIZADORES,VELAS,,,CANELA,,,
VELA BOTÁNICA CHOCOLATE,AROMATIZADORES,VELAS,,,CHOCOLATE,,,
VELA BOTÁNICA EUCALIPTO,AROMATIZADORES,VELAS,,,EUCALIPTO,,,
VELA BOTÁNICA NARANJA,AROMATIZADORES,VELAS,,,NARANJA,,,
VELA BOTÁNICA ROSAS,AROMATIZADORES,VELAS,,,ROSAS,,,
ALMOHADILLA DE CINTURA,ACCESORIOS,,,,,,,
ALMOHADILLA DE CUELLO,ACCESORIOS,,,,,,,
ALMOHADILLA DE ENSUEÑO,ACCESORIOS,,,,,,,
ESENCIA 10 ML ADIOS ANSIEDAD,ACEITES ESENCIALES,,10 ML,,ADIOS ANSIEDAD,,,
ESENCIA 10 ML BUENAS NOCHES,ACEITES ESENCIALES,,10 ML,,BUENAS NOCHES,,,
ESENCIA 10 ML ME SIENTO SEXY,ACEITES ESENCIALES,,10 ML,,ME SIENTO SEXY,,,
ESENCIA 10 ML MIGRA FREE,ACEITES ESENCIALES,,10 ML,,MIGRA FREE,,,
ESENCIA 10 ML RESPIRO Y SUSPIRO,ACEITES ESENCIALES,,10 ML,,RESPIRO Y SUSPIRO,,,
ESENCIA 10 ML STRESS FREE,ACEITES ESENCIALES,,10 ML,,STRESS FREE,,,
KIT JARDIN DEL ZEN,KITS,,,,,,,
ACEITE NUTRITIVO 34 ML ALMENDRAS,SKIN CARE,ACEITES NUTRITIVOS,34 ML,,ALMENDRAS,,,
ACEITE NUTRITIVO 120 ML ALMENDRAS,SKIN CARE,ACEITES NUTRITIVOS,120 ML,,ALMENDRAS,,,
ACEITE NUTRITIVO 34 ML COCO,SKIN CARE,ACEITES NUTRITIVOS,34 ML,,COCO,,,
ACEITE NUTRITIVO 200 GR COCO,SKIN CARE,ACEITES NUTRITIVOS,200 GR,,COCO,,,
ACEITE NUTRITIVO 10 ML TIARE,SKIN CARE,ACEITES NUTRITIVOS,10 ML,,TIARE,,,
ACEITE NUTRITIVO 34 ML TIARE,SKIN CARE,ACEITES NUTRITIVOS,34 ML,,TIARE,,,
ACEITE NUTRITIVO 120 ML TIARE,SKIN CARE,ACEITES NUTRITIVOS,120 ML,,TIARE,,,
ACEITE NUTRITIVO 120 ML TIARE+JOJOBA,SKIN CARE,ACEITES NUTRITIVOS,120 ML,,TIARE+JOJOBA,,,
ACEITE PARA MASAJES 34 ML AMOR,SKIN CARE,ACEITES PARA MASAJES,34 ML,,AMOR,,,
ACEITE PARA MASAJES 240 ML AMOR,SKIN CARE,ACEITES PARA MASAJES,240 ML,,AMOR,,,
ACEITE PARA MASAJES 34 ML ARMONÍA,SKIN CARE,ACEITES PARA MASAJES,34 ML,,ARMONÍA,,,
ACEITE PARA MASAJES 240 ML ARMONÍA,SKIN CARE,ACEITES PARA MASAJES,240 ML,,ARMONÍA,,,
ACEITE PARA MASAJES 34 ML ENERGÍA,SKIN CARE,ACEITES PARA MASAJES,34 ML,,ENERGÍA,,,
ACEITE PARA MASAJES 240 ML ENERGÍA,SKIN CARE,ACEITES PARA MASAJES,240 ML,,ENERGÍA,,,
ACEITE PARA MASAJES 34 ML FELICIDAD,SKIN CARE,ACEITES PARA MASAJES,34 ML,,FELICIDAD,,,
ACEITE PARA MASAJES 240 ML FELICIDAD,SKIN CARE,ACEITES PARA MASAJES,240 ML,,FELICIDAD,,,
ACEITE PARA MASAJES 240 ML HIERBA LUISA,SKIN CARE,ACEITES PARA MASAJES,240 ML,,HIERBA LUISA,,,
ACEITE PARA MASAJES 34 ML SERENIDAD,SKIN CARE,ACEITES PARA MASAJES,34 ML,,SERENIDAD,,,
ACEITE PARA MASAJES 240 ML SERENIDAD,SKIN CARE,ACEITES PARA MASAJES,240 ML,,SERENIDAD,,,
ACEITE PARA MASAJES 34 ML TRANQ.,SKIN CARE,ACEITES PARA MASAJES,34 ML,,TRANQUILIDAD,,,
ACEITE PARA MASAJES 240 ML TRANQ.,SKIN CARE,ACEITES PARA MASAJES,240 ML,,TRANQUILIDAD,,,
BURBUJAS DE BAÑO 173 ML AMOR,SKIN CARE,BURBUJAS,173 ML,,AMOR,,,
BURBUJAS DE BAÑO 520 ML AMOR,SKIN CARE,BURBUJAS,520 ML,,AMOR,,,
BURBUJAS DE BAÑO 173 ML ARMONÍA,SKIN CARE,BURBUJAS,173 ML,,ARMONÍA,,,
BURBUJAS DE BAÑO 520 ML ARMONÍA,SKIN CARE,BURBUJAS,520 ML,,ARMONÍA,,,
BURBUJAS DE BAÑO 173 ML ENERGÍA,SKIN CARE,BURBUJAS,173 ML,,ENERGÍA,,,
BURBUJAS DE BAÑO 520 ML ENERGÍA,SKIN CARE,BURBUJAS,520 ML,,ENERGÍA,,,
BURBUJAS DE BAÑO 34 ML FELICIDAD,SKIN CARE,BURBUJAS,34 ML,,FELICIDAD,,,
BURBUJAS DE BAÑO 173 ML FELICIDAD,SKIN CARE,BURBUJAS,173 ML,,FELICIDAD,,,
BURBUJAS DE BAÑO 520 ML FELICIDAD,SKIN CARE,BURBUJAS,520 ML,,FELICIDAD,,,
BURBUJAS DE BAÑO 34 ML SERENIDAD,SKIN CARE,BURBUJAS,34 ML,,SERENIDAD,,,
BURBUJAS DE BAÑO 173 ML SERENIDAD,SKIN CARE,BURBUJAS,173 ML,,SERENIDAD,,,
BURBUJAS DE BAÑO 520 ML SERENIDAD,SKIN CARE,BURBUJAS,520 ML,,SERENIDAD,,,
BURBUJAS DE BAÑO 34 ML TRANQ.,SKIN CARE,BURBUJAS,34 ML,,TRANQUILIDAD,,,
BURBUJAS DE BAÑO 173 ML TRANQ.,SKIN CARE,BURBUJAS,173 ML,,TRANQUILIDAD,,,
BURBUJAS DE BAÑO 520 ML TRANQ.,SKIN CARE,BURBUJAS,520 ML,,TRANQUILIDAD,,,
BURBUJAS DE BAÑO HOTELERO 34 ML SERENIDAD,SKIN CARE,BURBUJAS,34 ML,,SERENIDAD,,,
COLONIA 10 ML AMOR,COLONIAS Y PERFUMES,COLONIAS,10 ML,,AMOR,,,
COLONIA 180 ML AMOR,COLONIAS Y PERFUMES,COLONIAS,180 ML,,AMOR,,,
COLONIA 10 ML ARMONÍA,COLONIAS Y PERFUMES,COLONIAS,10 ML,,ARMONÍA,,,
COLONIA 180 ML ARMONÍA,COLONIAS Y PERFUMES,COLONIAS,180 ML,,ARMONÍA,,,
COLONIA 10 ML ENERGÍA,COLONIAS Y PERFUMES,COLONIAS,10 ML,,ENERGÍA,,,
COLONIA 180 ML ENERGÍA,COLONIAS Y PERFUMES,COLONIAS,180 ML,,ENERGÍA,,,
COLONIA 10 ML FELICIDAD,COLONIAS Y PERFUMES,COLONIAS,10 ML,,FELICIDAD,,,
COLONIA 180 ML FELICIDAD,COLONIAS Y PERFUMES,COLONIAS,180 ML,,FELICIDAD,,,
COLONIA 10 ML SERENIDAD,COLONIAS Y PERFUMES,COLONIAS,10 ML,,SERENIDAD,,,
COLONIA 180 ML SERENIDAD,COLONIAS Y PERFUMES,COLONIAS,180 ML,,SERENIDAD,,,
COLONIA 10 ML TRANQ.,COLONIAS Y PERFUMES,COLONIAS,10 ML,,TRANQUILIDAD,,,
COLONIA 180 ML TRANQ.,COLONIAS Y PERFUMES,COLONIAS,180 ML,,TRANQUILIDAD,,,
CONDITIONER CORPORATIVO GALON ARMONÍA,SKIN CARE,SHAMPOO Y CONDITIONER,GALON,,ARMONÍA,,,
CONDITIONER CORPORATIVO GALON SERENIDAD,SKIN CARE,SHAMPOO Y CONDITIONER,GALON,,SERENIDAD,,,
CREMA HUMECTANTE 30 ML AMOR,SKIN CARE,CREMAS,30 ML,,AMOR,,,
CREMA HUMECTANTE 190 GR AMOR,SKIN CARE,CREMAS,,190 GR,AMOR,,,
CREMA HUMECTANTE 30 ML ARMONÍA,SKIN CARE,CREMAS,30 ML,,ARMONÍA,,,
CREMA HUMECTANTE 190 GR ARMONÍA,SKIN CARE,CREMAS,,190 GR,ARMONÍA,,,
CREMA HUMECTANTE 30 ML ENERGÍA,SKIN CARE,CREMAS,30 ML,,ENERGÍA,,,
CREMA HUMECTANTE 190 GR ENERGÍA,SKIN CARE,CREMAS,,190 GR,ENERGÍA,,,
CREMA HUMECTANTE 30 ML FELICIDAD,SKIN CARE,CREMAS,30 ML,,FELICIDAD,,,
CREMA HUMECTANTE 190 GR FELICIDAD,SKIN CARE,CREMAS,,190 GR,FELICIDAD,,,
CREMA HUMECTANTE 30 ML SERENIDAD,SKIN CARE,CREMAS,30 ML,,SERENIDAD,,,
CREMA HUMECTANTE 190 GR SERENIDAD,SKIN CARE,CREMAS,,190 GR,SERENIDAD,,,
CREMA HUMECTANTE 30 ML TRANQ.,SKIN CARE,CREMAS,30 ML,,TRANQUILIDAD,,,
CREMA HUMECTANTE 190 GR TRANQ.,SKIN CARE,CREMAS,,190 GR,TRANQUILIDAD,,,
REPELENTE 100 ML -,SKIN CARE,,100 ML,,,,,
REPELENTE 60 ML -,SKIN CARE,,60 ML,,,,,
REPELENTE GALON -,SKIN CARE,,GALON,,,,,
ESPUMA EXFOLIANTE 400 GR COCO,SKIN CARE,JABONES,,400 GR,COCO,,,
ESPUMA EXFOLIANTE 400 GR HIERBA LUISA,SKIN CARE,JABONES,,400 GR,HIERBA LUISA,,,
ESPUMA EXFOLIANTE 400 GR LIMON,SKIN CARE,JABONES,,400 GR,LIMON,,,
ESPUMA EXFOLIANTE 400 GR ROSAS,SKIN CARE,JABONES,,400 GR,ROSAS,,,
ESPUMA EXFOLIANTE 400 GR TE VERDE,SKIN CARE,JABONES,,400 GR,TE VERDE,,,
ESPUMA EXFOLIANTE 400 GR UVA,SKIN CARE,JABONES,,400 GR,UVA,,,
EXFOLIANTE JABONOSO 220 ML AMOR,SKIN CARE,EXFOLIANTES,220 ML,,AMOR,,,
EXFOLIANTE JABONOSO 220 ML ARMONÍA,SKIN CARE,EXFOLIANTES,220 ML,,ARMONÍA,,,
EXFOLIANTE JABONOSO 34 ML BAMBOO,SKIN CARE,EXFOLIANTES,34 ML,,BAMBOO,,,
EXFOLIANTE JABONOSO 120 ML BAMBOO,SKIN CARE,EXFOLIANTES,120 ML,,BAMBOO,,,
EXFOLIANTE JABONOSO 34 ML DURAZNO MANZANA,SKIN CARE,EXFOLIANTES,34 ML,,DURAZNO MANZANA,,,
EXFOLIANTE JABONOSO 120 ML DURAZNO MANZANA,SKIN CARE,EXFOLIANTES,120 ML,,DURAZNO MANZANA,,,
EXFOLIANTE JABONOSO 220 ML ENERGÍA,SKIN CARE,EXFOLIANTES,220 ML,,ENERGÍA,,,
EXFOLIANTE JABONOSO 220 ML FELICIDAD,SKIN CARE,EXFOLIANTES,220 ML,,FELICIDAD,,,
EXFOLIANTE JABONOSO 34 ML HIERBA LUISA,SKIN CARE,EXFOLIANTES,34 ML,,HIERBA LUISA,,,
EXFOLIANTE JABONOSO 120 ML HIERBA LUISA,SKIN CARE,EXFOLIANTES,120 ML,,HIERBA LUISA,,,
EXFOLIANTE JABONOSO 34 ML MARACUYA,SKIN CARE,EXFOLIANTES,34 ML,,MARACUYA,,,
EXFOLIANTE JABONOSO 120 ML MARACUYA,SKIN CARE,EXFOLIANTES,120 ML,,MARACUYA,,,
EXFOLIANTE JABONOSO 120 ML ORQUIDEA BLANCA,SKIN CARE,EXFOLIANTES,120 ML,,ORQUIDEA BLANCA,,,
EXFOLIANTE JABONOSO 220 ML SERENIDAD,SKIN CARE,EXFOLIANTES,220 ML,,SERENIDAD,,,
EXFOLIANTE JABONOSO 220 ML TRANQ.,SKIN CARE,EXFOLIANTES,220 ML,,TRANQUILIDAD,,,
EXFOLIANTE OLEOSO 200 GR AMOR,SKIN CARE,EXFOLIANTES OLEOSOS,,200 GR,AMOR,,,
EXFOLIANTE OLEOSO 200 GR ARMONÍA,SKIN CARE,EXFOLIANTES OLEOSOS,,200 GR,ARMONÍA,,,
EXFOLIANTE OLEOSO 200 GR ENERGÍA,SKIN CARE,EXFOLIANTES OLEOSOS,,200 GR,ENERGÍA,,,
EXFOLIANTE OLEOSO 200 GR FELICIDAD,SKIN CARE,EXFOLIANTES OLEOSOS,,200 GR,FELICIDAD,,,
EXFOLIANTE OLEOSO 200 GR SERENIDAD,SKIN CARE,EXFOLIANTES OLEOSOS,,200 GR,SERENIDAD,,,
EXFOLIANTE OLEOSO 200 GR TRANQ.,SKIN CARE,EXFOLIANTES OLEOSOS,,200 GR,TRANQUILIDAD,,,
GEL ANTIBACTERIAL 35 ML AMOR,SKIN CARE,,35 ML,,AMOR,,,
GEL ANTIBACTERIAL 35 ML ARMONÍA,SKIN CARE,,35 ML,,ARMONÍA,,,
GEL ANTIBACTERIAL 35 ML ENERGÍA,SKIN CARE,,35 ML,,ENERGÍA,,,
GEL ANTIBACTERIAL 35 ML FELICIDAD,SKIN CARE,,35 ML,,FELICIDAD,,,
GEL ANTIBACTERIAL 35 ML SERENIDAD,SKIN CARE,,35 ML,,SERENIDAD,,,
GEL ANTIBACTERIAL 35 ML TRANQ.,SKIN CARE,,35 ML,,TRANQUILIDAD,,,
JABON AROMANDINA 100 GR CHIRIMOYA,SKIN CARE,JABONES,,100 GR,CHIRIMOYA,,,
JABON AROMANDINA 100 GR COCA MENTA,SKIN CARE,JABONES,,100 GR,COCA MENTA,,,
JABON AROMANDINA 100 GR HIERBA LUISA,SKIN CARE,JABONES,,100 GR,HIERBA LUISA,,,
JABON AROMANDINA 100 GR LUCUMA,SKIN CARE,JABONES,,100 GR,LUCUMA,,,
JABON AROMANDINA 100 GR MUÑA,SKIN CARE,JABONES,,100 GR,MUÑA,,,
JABON AROMANDINA 100 GR PALO SANTO,SKIN CARE,JABONES,,100 GR,PALO SANTO,,,
JABON AROMANDINA 100 GR RUDA,SKIN CARE,JABONES,,100 GR,RUDA,,,
JABON DE LA ABUELA 100 GR ALMENDRA VAINILLA,SKIN CARE,JABONES,,100 GR,ALMENDRA VAINILLA,,,
JABON DE LA ABUELA 100 GR FRUTAS SILVESTRES,SKIN CARE,JABONES,,100 GR,FRUTAS SILVESTRES,,,
JABON DE LA ABUELA 100 GR LECHE,SKIN CARE,JABONES,,100 GR,"LECHE, AVENA Y MIEL",,,
JABON DE LA ABUELA 100 GR LIMA LAVANDA,SKIN CARE,JABONES,,100 GR,LIMA LAVANDA,,,
JABON ESPUMOSO ROSTRO 200 ML AMOR,SKIN CARE,JABONES,200 ML,,AMOR,,,
JABON ESPUMOSO ROSTRO 50 ML AMOR,SKIN CARE,JABONES,50 ML,,AMOR,,,
JABON ESPUMOSO ROSTRO 200 ML BAMBOO,SKIN CARE,JABONES,200 ML,,BAMBOO,,,
JABON ESPUMOSO ROSTRO 50 ML BAMBOO,SKIN CARE,JABONES,50 ML,,BAMBOO,,,
JABON ESPUMOSO ROSTRO 200 ML ENERGÍA,SKIN CARE,JABONES,200 ML,,ENERGÍA,,,
JABON ESPUMOSO ROSTRO 50 ML ENERGÍA,SKIN CARE,JABONES,50 ML,,ENERGÍA,,,
JABON ESPUMOSO ROSTRO 200 ML HIERBA LUISA,SKIN CARE,JABONES,200 ML,,HIERBA LUISA,,,
JABON ESPUMOSO ROSTRO 50 ML HIERBA LUISA,SKIN CARE,JABONES,50 ML,,HIERBA LUISA,,,
JABON ESPUMOSO ROSTRO 200 ML TE VERDE,SKIN CARE,JABONES,200 ML,,TE VERDE,,,
JABON ESPUMOSO ROSTRO 50 ML TE VERDE,SKIN CARE,JABONES,50 ML,,TE VERDE,,,
JABON GLICERINA - TAJADA,SKIN CARE,JABONES,,,,,,
JABON HERBAL 180 GR ASTRINGENTE,SKIN CARE,JABONES,,180 GR,ASTRINGENTE,,,
JABON HERBAL 180 GR EXFOLIANTE,SKIN CARE,JABONES,,180 GR,EXFOLIANTE,,,
JABON HERBAL 180 GR HUMECTANTE,SKIN CARE,JABONES,,180 GR,HUMECTANTE,,,
JABON HERBAL 180 GR RUDA,SKIN CARE,JABONES,,180 GR,RUDA,,,
JABON HERBAL 180 GR TONIFICANTE,SKIN CARE,JABONES,,180 GR,TONIFICANTE,,,
JABON HERBAL HOTELERO 33 GR HIERBA LUISA,SKIN CARE,JABONES,,33 GR,HIERBA LUISA,,,
JABON LIQUIDO 30 ML AMOR,SKIN CARE,JABONES,30 ML,,AMOR,,,
JABON LIQUIDO 200 ML AMOR,SKIN CARE,JABONES,200 ML,,AMOR,,,
JABON LIQUIDO 150 ML AMOR,SKIN CARE,JABONES,150 ML,,AMOR,,,
JABON LIQUIDO 30 ML ARMONÍA,SKIN CARE,JABONES,30 ML,,ARMONÍA,,,
JABON LIQUIDO 150 ML ARMONÍA,SKIN CARE,JABONES,150 ML,,ARMONÍA,,,
JABON LIQUIDO 200 ML ENERGÍA,SKIN CARE,JABONES,200 ML,,ENERGÍA,,,
JABON LIQUIDO 150 ML ENERGÍA,SKIN CARE,JABONES,150 ML,,ENERGÍA,,,
JABON LIQUIDO 30 ML FELICIDAD,SKIN CARE,JABONES,30 ML,,FELICIDAD,,,
JABON LIQUIDO 200 ML FELICIDAD,SKIN CARE,JABONES,200 ML,,FELICIDAD,,,
JABON LIQUIDO 150 ML FELICIDAD,SKIN CARE,JABONES,150 ML,,FELICIDAD,,,
JABON LIQUIDO 30 ML SERENIDAD,SKIN CARE,JABONES,30 ML,,SERENIDAD,,,
JABON LIQUIDO 200 ML SERENIDAD,SKIN CARE,JABONES,200 ML,,SERENIDAD,,,
JABON LIQUIDO 150 ML SERENIDAD,SKIN CARE,JABONES,150 ML,,SERENIDAD,,,
JABON LIQUIDO 30 ML TRANQ.,SKIN CARE,JABONES,30 ML,,TRANQUILIDAD,,,
JABON LIQUIDO 200 ML TRANQ.,SKIN CARE,JABONES,200 ML,,TRANQUILIDAD,,,
JABON LIQUIDO 150 ML TRANQ.,SKIN CARE,JABONES,150 ML,,TRANQUILIDAD,,,
JABON LIQUIDO HOTELERO GALON ARMONÍA,SKIN CARE,JABONES,GALON,,ARMONÍA,,,
JABON LIQUIDO HOTELERO GALON SERENIDAD,SKIN CARE,JABONES,GALON,,SERENIDAD,,,
JABON OLIVA 100 GR ALMENDRAS,SKIN CARE,JABONES,,100 GR,ALMENDRAS,,,
JABON OLIVA 100 GR CHOCOLATE,SKIN CARE,JABONES,,100 GR,CHOCOLATE,,,
JABON OLIVA 100 GR COCA MENTA,SKIN CARE,JABONES,,100 GR,COCA MENTA,,,
JABON OLIVA 100 GR COCO,SKIN CARE,JABONES,,100 GR,COCO,,,
JABON OLIVA 100 GR LAVANDA,SKIN CARE,JABONES,,100 GR,LAVANDA,,,
JABON OLIVA 100 GR MANZANILLA,SKIN CARE,JABONES,,100 GR,MANZANILLA,,,
LOCION PARA MANOS Y CUERPO 50 ML CHIRIMOYA,SKIN CARE,LOCIONES,50 ML,,CHIRIMOYA,,,
LOCION PARA MANOS Y CUERPO 50 ML HIERBA LUISA,SKIN CARE,LOCIONES,50 ML,,HIERBA LUISA,,,
LOCION PARA MANOS Y CUERPO 50 ML LUCUMA,SKIN CARE,LOCIONES,50 ML,,LUCUMA,,,
LOCION PARA MANOS Y CUERPO 50 ML MENTA,SKIN CARE,LOCIONES,50 ML,,MENTA,,,
LOCION PARA MANOS Y CUERPO 50 ML MUÑA,SKIN CARE,LOCIONES,50 ML,,MUÑA,,,
LOCION PARA MANOS Y CUERPO 50 ML PALO SANTO,SKIN CARE,LOCIONES,50 ML,,PALO SANTO,,,
SALES EN BALA 80 GR FRUTAS TROPICALES,SKIN CARE,SALES DE BAÑO,,80 GR,FRUTAS TROPICALES,,,
SALES EN BALA 80 GR HIERBA LUISA,SKIN CARE,SALES DE BAÑO,,80 GR,HIERBA LUISA,,,
SALES EN BALA 80 GR LECHE,SKIN CARE,SALES DE BAÑO,,80 GR,"LECHE, AVENA Y MIEL",,,
SALES EN BALA 80 GR MANZANILLA,SKIN CARE,SALES DE BAÑO,,80 GR,MANZANILLA,,,
SALES EN BALA 80 GR ROSAS,SKIN CARE,SALES DE BAÑO,,80 GR,ROSAS,,,
SHAMPOO X LT 1000 GR ARMONÍA,SKIN CARE,SHAMPOO Y CONDITIONER,,1000 GR,ARMONÍA,,,
SHAMPOO X LT 1000 GR COCO,SKIN CARE,SHAMPOO Y CONDITIONER,,1000 GR,COCO,,,
SHAMPOO X LT 1000 GR SERENIDAD,SKIN CARE,SHAMPOO Y CONDITIONER,,1000 GR,SERENIDAD,,,
SHAMPOO X LT 1000 GR TRANQ.,SKIN CARE,SHAMPOO Y CONDITIONER,,1000 GR,TRANQUILIDAD,,,
SHAMPOO X LT 1000 GR FELICIDAD,SKIN CARE,SHAMPOO Y CONDITIONER,,1000 GR,FELICIDAD,,,
SHAMPOO HOTELERO GALON ARMONÍA,SKIN CARE,SHAMPOO Y CONDITIONER,GALON,,ARMONÍA,,,
SHAMPOO HOTELERO GALON SERENIDAD,SKIN CARE,SHAMPOO Y CONDITIONER,GALON,,SERENIDAD,,,
KIT ALMOHADILLA LAVANDA- MANZANILLA,KITS,,,,LAVANDA- MANZANILLA,,,
KIT BARRILITO,KITS,,,,,,,
KIT BOTANICO,KITS,,,,,,,
KIT BURBUJA,KITS,,,,,,,
KIT COCO,KITS,,,,,,,
KIT COFRE DE ALMENDRAS,KITS,,,,,,,
KIT ESPONJA LAVANDA- MANZANILLA,KITS,,,,LAVANDA- MANZANILLA,,,
KIT HIERBA LUISA,KITS,,,,,,,
KIT FRESH VERBENA,KITS,,,,,,,
KIT TETERA,KITS,,,,,,,
KIT TIARE,KITS,,,,,,,
KIT VELA BOTÁNICA,KITS,,,,,,,
KIT ZEN AMOR,KITS,,,,AMOR,,,
KIT ZEN ARMONÍA,KITS,,,,ARMONÍA,,,
KIT ZEN ENERGÍA,KITS,,,,ENERGÍA,,,
KIT ZEN FELICIDAD,KITS,,,,FELICIDAD,,,
KIT ZEN SERENIDAD,KITS,,,,SERENIDAD,,,
KIT ZEN TRANQ.,KITS,,,,TRANQUILIDAD,,,
SALES EFERVESCENTES 50 GR BRISAS DEL MAR,SKIN CARE,SALES DE BAÑO,,50 GR,BRISAS DEL MAR,,,
SALES EFERVESCENTES 50 GR CANELA,SKIN CARE,SALES DE BAÑO,,50 GR,CANELA,,,
SALES EFERVESCENTES 50 GR HIERBA LUISA,SKIN CARE,SALES DE BAÑO,,50 GR,HIERBA LUISA,,,
SALES EFERVESCENTES 50 GR LAVANDA,SKIN CARE,SALES DE BAÑO,,50 GR,LAVANDA,,,
SALES EFERVESCENTES 50 GR MANZANILLA,SKIN CARE,SALES DE BAÑO,,50 GR,MANZANILLA,,,
SALES EFERVESCENTES 50 GR ROSAS,SKIN CARE,SALES DE BAÑO,,50 GR,ROSAS,,,
JABON DE LA ABUELA CAJA X 3 UNIDADES,SKIN CARE,JABONES,,,,,,
JABON OLIVA CAJA X 3 UNIDADES,SKIN CARE,JABONES,,,,,,
SALES EN BALA CAJA X 4 UNIDADES,SKIN CARE,JABONES,,,,,,
PORTA POTPOURRI C/ POTPOURRI,ACCESORIOS,,,,,,,
ROLLER DE JADE,ACCESORIOS,,,,,,,
SPRAY AROMATIZADOR ALCOHOL70° 550 ML FELICIDAD,AROMATIZADORES,SPRAYS,550 ML,,FELICIDAD,,,
SPRAY AROMATIZADOR ALCOHOL70° 550 ML TÉ VERBENA,AROMATIZADORES,SPRAYS,550 ML,,TÉ VERBENA,,,
PACK X 2 JABON EXTRA CREMOSO 180 GR COCO,SKIN CARE,JABONES,,180 GR,COCO,,,
PACK X 2 JABON EXTRA CREMOSO 180 GR ORQUIDEA BLANCA,SKIN CARE,JABONES,,180 GR,ORQUIDEA BLANCA,,,
SHAMPOO CORPORATIVO 1.3 LITROS ARMONÍA,SKIN CARE,SHAMPOO Y CONDITIONER,1.3 LITROS,,ARMONÍA,,,
SHAMPOO CORPORATIVO 1.3 LITROS COCO,SKIN CARE,SHAMPOO Y CONDITIONER,1.3 LITROS,,COCO,,,
SHAMPOO CORPORATIVO 1.3 LITROS TRANQ.,SKIN CARE,SHAMPOO Y CONDITIONER,1.3 LITROS,,TRANQUILIDAD,,,
CONDITIONER X1 LT 1000 ML ARMONÍA,SKIN CARE,SHAMPOO Y CONDITIONER,1000 ML,,ARMONÍA,,,
CONDITIONER X1 LT 1000 ML COCO,SKIN CARE,SHAMPOO Y CONDITIONER,1000 ML,,COCO,,,
CONDITIONER X1 LT 1000 ML TRANQ.,SKIN CARE,SHAMPOO Y CONDITIONER,1000 ML,,TRANQ.,,,
COLONIAS EDICION ESPECIAL 180 ML ORQUIDEA BLANCA,COLONIAS Y PERFUMES,COLONIAS,180 ML,,ORQUIDEA BLANCA,,,
COLONIAS EDICION ESPECIAL 180 ML TÉ VERBENA,COLONIAS Y PERFUMES,COLONIAS,180 ML,,TÉ VERBENA,,,
ALMOHADILLA CINTURA ED. LIMITADA,ACCESORIOS,,,,,,,
ALMOHADILLA CUELLO ED.LIMITADA,ACCESORIOS,,,,,,,
KIT ORQUIDEA BLANCA,KITS,,,,,,,
BLEND BABY FACE,SKIN CARE,SERUM,,,,,,
BLEND POWER HAIR,SKIN CARE,SERUM,,,,,,
BLEND SEXY LOOK,SKIN CARE,SERUM,,,,,,
BAMBOO EDICION LIMITADA 200 ML TE VERDE,AROMATIZADORES,BAMBOO,200 ML,,TE VERDE,,,
BAMBOO EDICION LIMITADA 200 ML VAINILLA,AROMATIZADORES,BAMBOO,200 ML,,VAINILLA,,,
JABONCITO 33 GR,SKIN CARE,JABONES,,33 GR,,,,
ESPONJA VEGETAL - 1/2  LOOFA,ACCESORIOS,,,,,,,
GEL ANTIBACTERIAL RULETA,SKIN CARE,,,,,,,
BURBUJAS MINI RULETA,SKIN CARE,BURBUJAS,,,,,,
SHAMPOO MINI RULETA,SKIN CARE,SHAMPOO Y CONDITIONER,,,,,,
CONDITIONER MINI RULETA,SKIN CARE,SHAMPOO Y CONDITIONER,,,,,,
MINI SPRAYS RULETA,AROMATIZADORES,SPRAYS,,,,,,
MINI ACEITE NUTRITIVO RULETA,SKIN CARE,ACEITES NUTRITIVOS,,,,,,
JABON DE REGALO FLOR,SKIN CARE,JABONES,,,,,,
KIT ZEN RENOVADO AMOR,KITS,,,,AMOR,,,
KIT ZEN RENOVADO ARMONÍA,KITS,,,,ARMONÍA,,,
KIT ZEN RENOVADO ENERGÍA,KITS,,,,ENERGÍA,,,
KIT ZEN RENOVADO FELICIDAD,KITS,,,,FELICIDAD,,,
KIT ZEN RENOVADO SERENIDAD,KITS,,,,SERENIDAD,,,
KIT ZEN RENOVADO TRANQ.,KITS,,,,TRANQUILIDAD,,,
DIFUSOR CANDLE LAMP #1 2023,AROMATIZADORES,DIFUSORES,,,,,,
DIFUSOR VOLCANO #3 2023,AROMATIZADORES,DIFUSORES,,,,,,
DIFUSOR SALT STONE #4 2023,AROMATIZADORES,DIFUSORES,,,,,,
DIFUSOR FLAME #5 2023,AROMATIZADORES,DIFUSORES,,,,,,
DIFUSOR MADERA #6 2023,AROMATIZADORES,DIFUSORES,,,,,,
JABON HERBAL 33 GR RULETA 33 GR,SKIN CARE,JABONES,,33 GR,,,,
ACEITE TIARE+JOJOBA 120 ML TIARE+JOJOBA,SKIN CARE,ACEITES NUTRITIVOS,120 ML,,TIARE+JOJOBA,,,
KIT CUARZOS,KITS,,,,,,,
VELA MANDALA,AROMATIZADORES,VELAS,,,,,,
FRAGANCIA ARIES 10 ML,AROMATIZADORES,FRAGANCIAS,10 ML,,ARIES,,,
FRAGANCIA TAURO 10 ML,AROMATIZADORES,FRAGANCIAS,10 ML,,TAURO,,,
FRAGANCIA GEMENIS 10 ML,AROMATIZADORES,FRAGANCIAS,10 ML,,GEMINIS,,,
FRAGANCIA CANCER 10 ML,AROMATIZADORES,FRAGANCIAS,10 ML,,CANCER,,,
FRAGANCIA LEO 10 ML,AROMATIZADORES,FRAGANCIAS,10 ML,,LEO,,,
FRAGANCIA VIRGO 10 ML,AROMATIZADORES,FRAGANCIAS,10 ML,,VIRGO,,,
FRAGANCIA LIBRA 10 ML,AROMATIZADORES,FRAGANCIAS,10 ML,,LIBRA,,,
FRAGANCIA ESCORPIO 10 ML,AROMATIZADORES,FRAGANCIAS,10 ML,,ESCORPIO,,,
FRAGANCIA SAGITARIO 10 ML,AROMATIZADORES,FRAGANCIAS,10 ML,,SAGITARIO,,,
FRAGANCIA CAPRICORNIO 10 ML,AROMATIZADORES,FRAGANCIAS,10 ML,,CAPRICORNIO,,,
FRAGANCIA ACUARIO 10 ML,AROMATIZADORES,FRAGANCIAS,10 ML,,ACUARIO,,,
FRAGANCIA PISCIS 10 ML,AROMATIZADORES,FRAGANCIAS,10 ML,,PISCIS,,,
PORTA INCIENSO DRAGON LARGO,ACCESORIOS,ACCESORIOS,,,,,,
PORTA INCIENSO DRAGON CERAMICA GRANDE LOTTO,ACCESORIOS,ACCESORIOS,,,,,,
PORTA INCIENSO DRAGON CERAMICA GRANDE CASTILLO,ACCESORIOS,ACCESORIOS,,,,,,
INCIENSO CONO VEGETAL X 5 UNID,AROMATIZADORES,INCIENSOS,,,,,,
ACEITE NUTRITIVO COCO 34 ML COCO,SKIN CARE,ACEITES NUTRITIVOS,34 ML,,COCO,,,
FRAGANCIA ORQUIDEA BLANCA 500 ML ORQUIDEA BLANCA,AROMATIZADORES,FRAGANCIAS,500 ML,,ORQUIDEA BLANCA,,,
DIFUSOR #1 LAMP 2024,AROMATIZADORES,DIFUSORES,,,,,,
DIFUSOR #2 110 ML 2024,AROMATIZADORES,DIFUSORES,,,,,,
DIFUSOR #3 BLANCO 200 ML 2024,AROMATIZADORES,DIFUSORES,,,,,,
DIFUSOR #4 MADERA 500 ML 2024,AROMATIZADORES,DIFUSORES,,,,,,
DIFUSOR #5 300 ML 2024,AROMATIZADORES,DIFUSORES,,,,,,
DIFUSOR #6 FLAME 250 ML 2024,AROMATIZADORES,DIFUSORES,,,,,,
ROLLER FACIAL JADE,ACCESORIOS,,,,,,,
ROLLER FACIAL ROSA,ACCESORIOS,,,,,,,
GUASHA FACIAL JADE,ACCESORIOS,,,,,,,
GUASHA FACIL ROSA,ACCESORIOS,,,,,,,
NECESSER,ACCESORIOS,,,,,,,
KIT CANASTITA,KITS,,,,,,,
MINI BURBUJA DE BAÑO AMOR + PUMP 173 ML,SKIN CARE,BURBUJAS,173 ML,,AMOR,,,
MINI BURBUJA DE BAÑO TRANQ + PUMP 173 ML,SKIN CARE,BURBUJAS,173 ML,,TRANQUILIDAD,,,
MINI BURBUJA DE BAÑO ARMONÍA + PUMP 173 ML,SKIN CARE,BURBUJAS,173 ML,,ARMONÍA,,,
MINI BURBUJA DE BAÑO SERENIDAD + PUMP 173 ML,SKIN CARE,BURBUJAS,173 ML,,SERENIDAD,,,
MINI BURBUJA DE BAÑO FELICIDAD + PUMP 173 ML,SKIN CARE,BURBUJAS,173 ML,,FELICIDAD,,,
MINI BURBUJA DE BAÑO ENERGÍA + PUMP 173 ML,SKIN CARE,BURBUJAS,173 ML,,ENERGÍA,,,
BURBUJA DE BAÑO AMOR + PUMP 520 ML,SKIN CARE,BURBUJAS,520 ML,,AMOR,,,
BURBUJA DE BAÑO TRANQ + PUMP 520 ML,SKIN CARE,BURBUJAS,520 ML,,TRANQUILIDAD,,,
BURBUJA DE BAÑO ARMONÍA + PUMP 520 ML,SKIN CARE,BURBUJAS,520 ML,,ARMONÍA,,,
BURBUJA DE BAÑO SERENIDAD + PUMP 520 ML,SKIN CARE,BURBUJAS,520 ML,,SERENIDAD,,,
BURBUJA DE BAÑO ENERGÍA + PUMP 520 ML,SKIN CARE,BURBUJAS,520 ML,,ENERGÍA,,,
BURBUJA DE BAÑO FELICIDAD + PUMP 520 ML,SKIN CARE,BURBUJAS,520 ML,,FELICIDAD,,,
ACEITE PARA BARBA 10 ML,SKIN CARE,ACEITES NUTRITIVOS,10 ML,,,,,
KIT BUDA LIMPIADOR DE ENERGIAS,KITS,,,,,,,
EXFOLIANTE 34 ML RULETA 34 ML,SKIN CARE,EXFOLIANTES,34 ML,,,,,
CREMA 30 GR RULETA 30 GR,SKIN CARE,CREMAS,,30 GR,,,,
BURBUJAS DE BAÑO HOTELERA 34 ML ARMONÍA,SKIN CARE,BURBUJAS,34 ML,,,,,
DIFUSOR AROMACARE 1.3 LT 2022,AROMATIZADORES,DIFUSORES,,,,,,
SPRAY HIERBA LUISA GALON,AROMATIZADORES,SPRAYS,GALON,,,,,
SPRAY ENERGIA GALON,AROMATIZADORES,SPRAYS,GALON,,,,,
VINCHA BLANCA,ACCESORIOS,ACCESORIOS,,,,,,
PACK X 2 INCIENSO CONO VEGETAL X 5 UNID,AROMATIZADORES,ACCESORIOS,,,,,,
SPRAY PREMIUM ALPHA 550 ML,AROMATIZADORES,SPRAYS,550 ML,,ALPHA,,,
SPRAY PREMIUM MARINE 550 ML,AROMATIZADORES,SPRAYS,550 ML,,MARINE,,,
SPRAY PREMIUM SUMMER 550 ML,AROMATIZADORES,SPRAYS,550 ML,,SUMMER,,,