NOMBRE,TALAVERA,AGRICULTOR ,ETERNIT,
ABAMEX X 1.8 EC X 1/4 LT,,,,
ABAMEX X 1.8 EC X 1 LT,12,2,,
ABRAZADERA BOMBA (66439),,,,
ABRAZADERA F G 1,,,,
 ABRAZADERA  MONTADA (0066388),,,,
ACARE EC X 1 LT,24,43,,
ACARE EC X 1/4 LT,24,56,,
"ACIDEF 1/2 LT			",,,,
"ACIDEF 1/4			",,,,
"ACIDEF LT			",,,,
ACIGIB 10% X PASTILLA,,862,,
ACOPLE DE MANGUERA 425 435,,,,
ACROBAT 1 KG,,,,
ACRONIS 1 L,,,,
ACRONIS ST 35X0.2L,,36,,
"ADAPTADOR 1"" P/R PVC PAVCO",,,,
ADAPTADOR 3/4,,,,
ADAPTADOR 3/4 A/CALIENTE,,,,
ADAPTADOR 3/4 A/FRIA,,,,
"ADAPTADOR CPVC A/ CALIENTE 1/2"" PAVCO",,,,
"ADAPTADOR DE 1""",,,,
"ADAPTADOR  DE 1/2 AGUA C""",,,,
"ADAPTADOR DE 1/2"" SAP PSVCO",,,,
ADAPTADOR DE BRIDAS PVC DN 150-160mm INC/PERNOS,,,,
ADAPTADOR DE BRONCE ,,,,
ADAPTADOR PARA SOLDAR SAP 1/2 PAVCO,,,,
ADAPTADOR PVC 1/2 PAVCO,432,,,
ADAPTADOR PVC UPR 3/4 ACOLPLE C/P AZUL/NEGRO FITSA,,,,
ADAPTADOR UNION UNIVERSAL DE 1/2 PAVCO,,,,
ADEX FORMADOR DE EMPAQUETADURA,,,,
ADITIVO ACELERANTE DE FRAGUA,,,,
ADITIVO DESMOLDANTE,,,,
AFFLY 1/2 LT,,2,,
AFFLY 1/4 LT,,58,,
AFFLY 1 LT,,10,,
AFIDON 1 LT,,,,
"AFUNGIL X 1/2 LT			",,,,
"AFUNGIL X 1/4 LT		",,,,
AFUNGIL X 1 LT,12,,,
AGROSTEMIN X 1/2 LT,,28,,
AGROSTEMIN X 1/4 LT,144,180,,
AGROSTEMIN X 1 LT,,1,,
AGROSTEMIN GROW X 1 LT,,92,,
"	ALAMBRE BC REC #16 G 100LB (45.35KG) EXP",,,,
ALAMBRE GALVANIZADO Nº 16 PRODAC,,,,
ALAMBRE GALVANIZADO Nº 8 PRODAC,,,,
ALAMBRE N° 16 PRODAC,15861,,,
ALAMBRE N° 8 PRODAC,10458,,,
ALGARIUM xLT),,9,,
ALGER 1/4 ,,,,
ALGER 1L,,,,
ALICATE DE CORTE,,,,
ALIETTE X 1 KG,,,,
AMALFI 1/2 KG,,,,
AMALFI KG,,,,
AMINOFARM 1/4,,,,
AMINOFARM 1L,,,,
AMINOGROW X 1/2 LT,,,,
AMINO GROW X LT,,,,
AMISTAR TOP 250 ML,,9,,
AMISTAR TOP X LT,,12,,
AMOLADORA ANGULAR 4-1/2 PROF-220V 800W,,,,
ANGORA 75 WG X 50 G,,,,
"ANG. PERIMETRAL.CTK 15/16X3.05M BL,",1996,,837,
ANGULO 1.1/2X3/16X6M A36,,,,
ANGULO 38X2.5MMX6M A36,,,,
"ANGULO ESQUINERO X 0.30X3.00 GALV,",135,,236,
ANILLO CUERPO DE VALVULA (62248),,,,
ANILLO DE 15 (0062212),,,,
ANILLO DE BOQUE (0062106),,,,
ANILLO DE CAMARA DE AIRE (0062291),,,,
ANILLO DE CERA,,,,
ANILLO DE FILTRO (0062115),,,,
ANILLO GARFIADO 0031356,,,,
ANILLO GRANDE DE CILINDRO (0062140),,,,
ANILLO O,,,,
ANILLO PIEZA DE RETENCION 0062271,,,,
ANILLO  PQ DE CILINDRO (0062139),,,,
ANILLO PRESION,,,,
ANILLO TRICO (USAR VO 21559198),,,,
ANILLO TUBO ATOMIZADOR (0062258),,,,
"ANIMO GROW  1/2 LT			",,,,
"ANTRACOL X 400 GRS 			",,,,
ANTRACOL X KG,,,,
APLICADOR SILICONA,,,,
APOYO 425 455 475,,,,
ARANDELA 0030131,,,,
ARANDELA PLANA 1.2,,,,
ARANDELA PLANA 3.8,,,,
ARANDELA PRESION1.2,,,,
ARANDELA PRESION5.16,,,,
ARANDELA PRESIONM10,,,,
ARCO JARDINERO,1,,,
ARO 13X22.5 EJE EUROPEO,,,,
ARO ACERO 8.25X22.5 EUROPEO 10H FIJACIO,,,,
ARREGLO F9H-940,,,,
ARREGLO F9M-764,,,,
ARRIVO X 1/4 LT,,,,
ATOMIZADORA 451 SOLO,,,,
ATOMIZADORA SOLO 423 12 LT,,1,,
ATOMIZADORA SOLO 423 DE 15 LT,,,,
ATOMIZADOR MASTER 452 15LT,,,,
"ATTACK X 1/2 KG			",368,48,,
"ATTACK X 1 KG			",540,292,,
ATTACK X 200 GRS,280,,,
AUTOPERFORANTE C/NEOPRENE 14 x 2 1/2,,,,
AUTOPERFORANTE P/BROCA ZINC. 1/4 X 1 1/2 C/ARAND.NEOP,,,,
AUTOPERFORANTE P/BROCA ZINC. 1/4 X 1 C/ARAND.NEOP,,,,
AUTOPERFORANTE P/BROCA ZINC. 1/4 X 3 C/ARAND. NEOP.,696,,,
AUTOPERFORANTE P/BROCA ZINC. 1/4 X 4 C/ARAND. NEOP. PRODAC,,,,
AUTOPERFORANTE P/BROCA ZINC. 1/4 X 5 C/ARAND. NEOP.,396,,,
AZOBIN TOP 32.5SC X 250 ML,,,,
BALANZA CON ACCESORIOS,,,1,
BALANZA  DE 1000,,,,
BALDOSA ASTRAL 2X4X12(CJA 10),,,,
BALDOSA COMETT,8,,,
BALDOSA CONSTRUC-TEK CAJA X 9,,,,
BALDOSA DE FIBROCEMENTO 4 MM X 60 CM X 60 CM - ETERNIT,,,,
BALDOSA -VIDRIO C/U,,,,
BAMECTIN X  250ML,,,,
BAMECTIN X LT ,,,,
BANCO DE MEDIDOR CON LLAVE DE FUERZA,,,,
BARANDA DE ACERO INOXIDABLE,,,,
BARANDAS METALICAS,,,,
BARAS DE PULV. (120CM) 4 TOB,,,,
BARRA DE PULVERIZ (60CM) 425 475 422,,,,
BARRERA INFRARROJA,,,,
BARRETAS DE 1 X 1.80m EXAGONAL,,,,
BASAGRAN 1 L,,,,
BASE IMPORTADO,,,,
BASE NEGRO PARA DICROICOS,,,,
BASE PLAST C/U,,,,
BASFOLIAR FLORACION X 1 KG,25,,,
BASFOLIAR VERDE X 1 KG,25,,,
BASTA L,,,,
BASTON DE LUZ,,,,
BATERIA 12V,,,,
BATERIA 15M99 ENERJET,,,,
BATERIA 27 PLACAS AXN-7,,,,
BATERIA ETNA 23 PLACAS INVERTIDA ADP-906,,,,
BATERIA PARA MOTOR 2.4 AH,,,,
BAYFOLAN  11-8-6,,,,
BAYFOLAN ACTIVADOR,,,,
BAYFOLAN ALGE,,,,
BAYFOLAN POWER LT,,,,
BAYFOLAN X 1 LT,,,,
BBA DE AGUA MOTOR D13 ,,,,
BBA EMBRAG P/ALTA FM/FMX480/520,,,,
BBIN EMBRAG/BAJA VT2014 EURO 6 ULTIMO,,,,
BELLIS KG,,,,
BENDIX ,,,,
BENGAL X 1KG.,,,,
BENIFAR X 1/2 LT,,,,
BENIZAR X LT,,,,
BENLAFAR X 1KG,,8,,
BENLAFAR X 200 G,,81,,
BENLATE 50 WP X 1 KG,,,,
BENZIFARM X LT,,,,
"BEST WATER LT			",,,,
BEST WATER X 1/2 LT,,24,,
"BEST WATER X 1/4			",,,,
BETA BAYTROIDE SC125 X 1LT,,,,
BETA BAYTROIDE SC X 250ML,,,,
BIALA  HEMBRA ,,,,
BIDON AZUL X 200 LT,,,,
BIDON DE PVC 60 GLN VACIO,,,,
BIELA 475  (4074255),,,,
BIELA HEMBRA (4074409),,,,
BIELA MACHO (4074408),,,,
"BIGHOR 1/4			",,,,
"BIGHOR LT			",,,,
BILBAO BEIGE 60 X 60,,,,
BIOCINN X 1LT,,48,,
"BIOENERGY  1/4 LT			",,,,
BIOFOSCA PLUSS,,,,
BIOGYZ 1/4,,,,
BIOGYZ 1L,,,,
BIOKARANYA X LT,,,,
BIOMECTIN X 1/4 LT,,,,
BIONOX ADBLUE,,,,
BIOSPORE  1 KG,,,,
BISAGRA OMEGA ALUMINIZADA,,,,
BISAGRAS (03),,,,
BLANCO FLEXIBLE 25KG  PE01,,,,
BLOQUER ARTEZANAL DE 12(simi-industrial),,,,
BLOQUER DE 12,,,,
BLOQUETA 12X30 LARK,1950,,1,
BLOQUETA 15X30 LARK,8180,,1,
BLOQUETA 8X30 LARK,1140,,,
BOBINA 2300807,,,,
BOLSAS TEMPLE CPP 25 KILOS,,,,
BOLSAS TEMPLE CPP X 25 KILOS,,,,
BOLSA TEMPLE X25 KG,,,,
BONUS X 1 KG,320,102,,
BOQUILLA BR-1000CC/MIN 40PSIG RC350A151,,,,
BOQUILLA DE BRONCE 1700 CC,,,,
BOQUILLA DE CUATRO CONOS PLASTICA BQL 4C-PL5,,,,
BOQUILLA REGULABLE 3004900525,,,,
BOTRIMEX 50 SC X 1L,,,,
BOTRIMEX 50 SC X 250 ML,,,,
BOTRIZIN X 1/2 LT,,,,
BOTRIZIN X 1/4 LT,,,,
"BOTRIZIN X 1 LT			",280,3,,
BRACKETE 5M.M T/50,,,,
BRACKETE 9M.M T/70,,,,
"BRAVO LT			",,,,
BREAK THRU X 1 LT,20,20,,
BREAK THRU X 1/4 LT,20,25,,
BROCA DE FIERRO 3/8,,,,
BROCA HSS 3 MM JUSTER,10,,,
BROCA HSS 4 MM JUSTER,10,,,
"BROCA PARA CONCRETO 1/4"" MEISSER GERMANY",,,,
"BROCA PARA METAL 1/2"" BOSCH",,,,
BRONCO 40 EC X LT,,,,
BROTONE 1 LT,,,,
BUJES WATSON ,,,,
BULL FIRE X 250ML,,,,
"BUMPER LT			",,,,
BUMPER X 1/4 T,,,,
BUSHING DE 2  A 1,,,,
CABLE BOGLE (28005859),,,,
CABLE BOWDEN 2800559,,,,
CABLE CAT 5E MARCA HIKIVISION ,,,,
CABLE CELEC #12,,,,
CABLE CELEC #14,,,,
CABLE CORRUGADO,,,,
CABLE DE ACERO DE 13MM,,,,
CABLE DE ACERO DE 8MM,,,,
CABLE DE INTERNET,,,,
CABLE DE MANDO DE PALANCA ,,,,
CABLE DE RED ,,,,
CABLE DE TIERRA ,,,,
CABLE ELECTRICO 0084130,,,,
CABLE HDMI,,,,
CABLE N° 12 INDECO,,,,
CABLE N° 14 INDECO,,,,
CABLE N2XOH 10MM2(METROS),,,,
[CABLE NEGRO N°12 GRANDE,,,,
CABLE POWER,,,,
CABLE SATRA Sólido U/UTP Categoría 5e(metros) ,,,,
CABLE SISTEMAS,,,,
CABLE THW-90 8 AWG +PLUS INDECO ,,,,
CABLE THW-90 NRO 12,,,,
CABLE TIE,,,,
CABLE TW-10 AWG +PLUS,,,,
CABLE TW-12 AWG +PLUS ,,,,
CABLE TW-14AWG,,,,
CABLE TW-14 AWG +PLUS,,,,
CABLE TW-80 NRO 10,,,,
CABLE TW-80 NRO 12,,,,
CABLE TW-80 NRO 14,,,,
CABLE UTP CELAPSA CAT 5E,,,,
CABLE UTP CT5 COBRE DIXON,,,,
CABLE U/UTP,,,,
CABLE VGA Y CARGADOR SONY,,,,
CABLE VIAJERO,,,,
CABLE VIP 1 1/2 +2,,,,
CACHIMBA DE 13MM,,,,
"CAJA DE CAMBIOS, CALIBRADO",,,,
CAJA DE CAMBIOS CAMBIO DE ACEITE Y FILTRO,,,,
CAJA DE GUANTES DE LANA ,,,,
CAJA DE PASE 20X20 ESTAR,,,,
CAJA DE PASE 20X20X8,,,,
CAJA DE PASE 25X25X8,,,,
CAJA DE PASE 30X30X8,,,,
CAJA DE REGISTRO CONCRETO PARA POZO A TIERRA,,,,
CAJA DE REVISION,,,,
CAJA DE VALOR,,,,
CAJA FUERTE ,,,,
CAJA MEDULAR,,,,
CAJA MODULAR 2X4 STAR,,,,
CAJA MODULAR  SIDER,,,,
CAJA PLASTICA,,,,
CAJA RECTANGULAR,,,,
CAJAS MODULARES ,,,,
CAJAS OCTAGONAL PAVCO W,118,,,
CAJAS OCTGA,,,,
CAJAS RECTANGULAR PAVCO W,295,,,
CAJA STAR,,,,
CAJA TERMOMAGNETICA 12 POLOS,,,,
CAJA TERMOMAGNETICA 2 POLOS VISIBLE,,,,
CAJA TOMA MONOFASICA NORMAL,,,,
CAJA TOMA TRIFASICA,,,,
CALAMINA 1.80X0.80X0.20,,,,
CALAMINA 3.60X0.80X0.14,368,,,
CALAMINA 3.60X0.80X0.18,,,,
CALAMINA 3.60X0.80X0.20,,,,
CALAMINA 3.60X0.80X0.22,360,,,
CALAMINA GALVANIZADA 0.22X3.60 ANDE METALES,,,,
CALIBRACION DE CAJA DE CAMBIOS I-SHIFT,,,,
CALIBRACION DE VALVULAS E INYECTORES,,,,
CALIBRADO DE BALANCIN DE INYECTOR ADP-906,,,,
CAL VIVA X KG,,,,
CAMARA DE AIRE (4400240),,,,
CAMARA DOMO TVI720P HD HIKVISION,,,,
CAMARA PARA LLANTA DE CARRETILLAS,,,,
CAMARA PARA MOTO RO,,,,
CAMARAS TURBO 1080P FULL HD HIKVISION TUBO,,,,
CANDADO CANTOL MEDIANO,,,,
CANDADO DORADO PEQUEÑO,,,,
"CANDADO FORTE 60""",,,,
CANDADO NEGRO GRANDE,,,,
CANDADO NEGRO MEDIANO,,,,
CANDADO NEGRO PEQUEÑO,,,,
CANDADO PORTE 75MM,,,,
CANDADOS JPC 50MM,,,,
CANELLILLO BEIGE 60 X 60,,,,
CAÑO CIM VALL,,,,
CAÑO DE LAVAMANOS,,,,
CAÑO FRAFRISOR,,,,
CAÑO ITALGRIF,,,,
CANTUS X 100 GRS,,,,
CANTUS  X  KG,,,,
CAPUCHA DE LONA,,,,
CAPUCHONES,,,,
CARAVISTA PEQUEÑO,,,,
CARRETILLA 5.5 FT,1,,3,
CARRETILLA BUGUI,,,,
CARTUCHO DE IMPRESORA HP,,,,
CASACAS CONDUCTORES,,,,
CEMENTO APU,957,,8,
CEMENTO SOL TIPO I,820,,9,
CENTURION X 1 L,,,,
CENTURION X 500ML,,,,
CERAMICA HONEY 20X60,,,,
CERAMICO BLANCO BRILLANTE 21X45,,,,
CERAMICO BLANCO BRILLANTE 27 X 25,,,,
CERCOBIN 1 KG,,,,
CERCOBIN 200 GR,,,,
CHAPA (4043123),,,,
CHAPA CANTOL,,,,
CHAPA CANTOL 100,,,,
CHAPA CANTOL TAMBOR INTERIOR BRONCE,,,,
CHAPA CANTOL TAMBOR INTERIOR PLATA,,,,
CHAPA CASSINI,,,,
CHAPA DE INTERIOR,,,,
CHAPA ELECTRICA FORTE,,,,
CHAPA FORTE    ,,,,
CHAPA FORTE TAMBOR INTERIOR,,,,
CHAPA MANIJA,,,2,
"CHASIS DE CAMION: 9BVXG20D6NE906217 NRO MOTOR: D13*C2*E MARCA: VOLVO, MODELO: FM 6X4 T",,,,
CHAVO 1000 LT,,,,
CHEMA EPOX ADHESIVO 31 X 1/4 GL,,,,
CHEMITAS GIS,,,,
"CICLON 1/2 LT			",,103,,
CICLON 1/4 LT,,19,,
CICLON X LT,,62,,
CIENTO CRUCETA,,,,
CIERRE DE VALVULA,,,,
CILINDRO (44001681),,,,
CILINDRO AZUL 200 LITROS,,,,
CINCEL Y PUNTA DE 1,,,,
CINTA AISLANTE 3M,,,,
CINTA AISLANTE GRANDE,,,,
CINTA AISLANTE PEQUEÑA,,,,
CINTA DE SEGURIDAD X 100 METROS,,,,
CINTA MALLA FIBRA D VIDRIO 20M (ROLLO),4,,112,
CINTA MALLA FIBRA D VIDRIO 45M (ROLLO),1,,48,
CINTA MALLA FIBRA D VIDRIO 90M (ROLLO),,,100,
"CINTA METALICA GYPLAC 30M (100') (ROLLO),",,,,
"CINTA PAPEL GYPLAC 152M (500') (ROLLO),",,,,
"CINTA PAPEL GYPLAC 20M (ROLLO),",,,145,
"CINTA PAPEL GYPLAC 45M (130') (ROLLO),",,,190,
"CINTA PAPEL GYPLAC 75M (250') (ROLLO),",,,146,
CINTA TEFLON ,67,,,
CINTA TEFLON AMARILLA  AGUA CALIENTE,,,,
CINTA TEFLON MAGNUM,,,,
CINTA TEFLON P/AGUA FRIA 1/2 X12M,,,,
CINTURON CON GANCHO (4300340),,,,
"CIZALLA TRUPPER 14""",,,2,
"CIZALLA TRUPPER 18""",,,1,
"CITOWETT  1/2 LT			",,,,
CITRA GROW K X LT,,,,
CLAVIJA 425 475,,,,
CLAVO 1 1/2 PRODAC,165.65,,,
CLAVO 1  PRODAC,9.5,,,
CLAVO 2 1/2 PRODAC,3578.65,,,
CLAVO 2 1/2 SIDER PERU,425,,8.5,
CLAVO 2 PRODAC,3476.2,,17,
CLAVO 2 SIDER PERU,100,,,
CLAVO 3 PRODAC,3389.2,,57.5,
CLAVO 3 SIDER PERU,2300,,,
CLAVO 4 PRODAC,3007.85,,22,
CLAVO 5 PRODAC,126.8,,,
CLAVO 6 PRODAC,88.35,,,
CLAVO 7 PRODAC,22.35,,,
CLAVO 8 PRODAC,,,,
"CLAVO ALCAYATA ESTR. 3.7X38mm - 1/2kg ""1 1/2""",,,20,
"CLAVO ALCAYATA ESTR. 3.7X50mm - 1/2kg ""2""",,,20,
"CLAVO AUTOPERFORANT 1 1/2""X#10X1000UN",,,,
"CLAVO AUTOPERFORANT 1""X#10(4.8MM)X1000UN",,,,
CLAVO CALAMINA 2 1/2 PRODAC,340.4,,,
CLAVO CALAMINA CON GEBE,,,,
CLAVO CC 1.1/2X5 CARP 30 KGGRANEL,,,,
CLAVO CC 1X16 CARP 30KGGRANEL,,,,
CLAVOCC2.1/2X10 CARP 30KGGRANEL,,,,
CLAVOCC2X13 CARP 30KGGRANEL,,,,
CLAVOCC2X14 CARP 30KGGRANEL ,,,,
CLAVO CC 3X9 ALB 30 KG GRANEL,,,,
CLAVO CC 4X7 ALB 30 KG GRANE,,,,
CLAVOCC4X7 BLS 2LB (25BLSXCJA RECT) ,,,,
CLAVO CLIP,9,,76,
CLAVO ESTRIADO VERT 3.5X50MM - 1/2 KG 2,25,,9,
CLAVO ESTRIADO VERT 3.5X63MM - 1/2 KG 2 1/2,,,3,
CLAVO ESTRIADO VERT 4.3X75MM - 1/2 KG 3,,,23,
CLAVO PARA FIJACION CON PISTOLA,,,,
"CLAVO PARA MADERA CON CABEZA DE 4""",,,,
CLAVO PIN 1 (CIENTO),22,,317,
"CLAVO PIN 3/4""(CIENTO)",,,,
CLAVOS CALAMINA 2X9,,,,
CLORURO DE POTASIO X 50 KG,265,7,,
CNALETAS PVC 14X24 PARA ALIMENTADOR DE ENERGIA Y INTERCOMUNICADOR,,,,
COBRO AUTOM. CUOTAS M39-TOP.6,,,,
"CODO 1/2 AGUA C""",,,,
CODO 1/2 PAVCO,,,,
CODO 1/2 PRESION KOPLAST,,,,
"CODO 1"" PAVCO",,,,
"CODO 2"" KOPLAST",,,,
"CODO 2X2""",,,,
CODO 3/4 CPVC A/CALIENTE PAVCO,,,,
CODO 3/4 PRESION PAVCO WAVIN,,,,
"CODO 4"" 45ª PAVCO",,,,
"CODO 45° 2"" PAVCO",,,,
"CODO 45° 4"" PAVCO",,,,
CODO 4A2 PAVCO,,,,
"CODO 4"" KOPLAST",,,,
"CODO 4"" SANITARIO PAVCO",,,,
"CODO 90° 2"" PAVCO",,,,
"CODO 90° 4"" PAVCO",,,,
"CODO CPVC A/CALIENTE 1/2"" X 90° SP PAVCO",,,,
"CODO CPVC A/CALIENTE 3/4"" X 90° SP PAVCO",,,,
"CODO DE 1""",,,,
"	CODO DE 1/2 BRONCE",,,,
CODO DE 1/2 BRONCE,,,,
CODO DE 1/2 MIXTO,,,,
"CODO DE 1/2"" SAP PAVCO",,,,
"CODO DE 2"" PAVCO",,,,
CODO DE 2 X 45,,,,
CODO DE 2X 90 ,,,,
CODO DE 4X 45 PAVCO,,,,
CODO DE 4X90,,,,
CODO DE AGUA 1/2 PAVCO,,,,
"CODO DE BRONCE DE 1/2""",,,,
CODO MOM,,,,
CODO MONTADO (407452725),,,,
CODO PVC 1X90° PAVCO,,,,
CODO PVC AGUA 1/2 SP PAVCO,79,,,
CODO PVC DE 3/4 X 90 PAVCO,,,,
CODO PVC SAL DESAGUE 2 X 45 PAVCO,250,,,
CODO PVC SAL DESAGUE 2 X 90 PAVCO,225,,,
CODO PVC SAL DESAGUE 4 X 2 PAVCO,10,,,
CODO PVC SAL DESAGUE 4 X 45 PAVCO,12,,,
CODO PVC SAL DESAGUE 4 X 90 PAVCO,4,,,
CODO PVC SE 3/4 SAP,,,,
CODO SANITARIA DE 4,,,,
CODOS BRONCE,,,,
CODOS DE AGUA CALIENTE 1/2 P,,,,
CODOS DE DESAGUE 2 PULGADAS PAVCO,,,,
COJINETE (4074410),,,,
COLA CLASICA,,,,
COLA CLASICA TEKNO X 1 KG,,,,
COLISA 207440625,,,,
COLLARIN DE EMBREAGUE FUSO,,,,
 COM ADE EXC OPE VENT,,,,
COMBA DE 20 LIBRAS INCLUIDO MANGO,,,,
COMBA DE 4 LBS,,,1,
COMBO TREBOL RAPID JET CON MANIJA,,,,
COMBO V DE PIE + 2 ELECTRONIVELES ROTOPLAS,,,,
COMET 2X4X12MM BR (Cjx12),,,,
,,,,
"COMPAC 1/4 LT			",,,,
"COMPAC LT			",,,,
COMPACTADURA CANGURO,,,,
COMPENSACION DE FACTURA,,,,
COMPUESTO PAPA X 50KG,,,,
CONECTOR DE COBRE 1/2,,,,
CONECTORES RJ45 PARA INTERCOMUNICADOR,,,,
CONECTOR PLUG CAT5e,,,,
CONF 3972700000144 0312400218 PROVE,,,,
CONFITILLO  ,,,,
CONTOMETRO TERM 80X80,,,,
CONTRLLER 100 GM,,,,
CORBAT X 1 KG,,,,
CORREA ACOLCHONADA RC-700 EAI/4CRV,,,,
COSAVET 80 WG X 1 KG,,,,
CRUCETA CON TOMADOR PLANO,,,,
CRUSETA DE CARDAN PEQUEÑO,,,,
CRUZETAS,,,,
CUERPO DE VALVULA (4074988) ,,,,
CUERPO VALVULA,,,,
CUMBRERA ART. PERFIL 4 INF GRISS,,,,
"CUMBRERA ART. PERFIL 4 INF ROJO			",,,,
CUMBRERA ART. PERFIL 4 SUP GRISS,,,,
"CUMBRERA ART. PERFIL 4 SUP. ROJO			",,,,
CUMBRERA FIJA PERFIL 4,,,,
CUMBRERA INFERIOR GRAN ONDA ,,,,
CUMBRERA INFERIOR TEJA ANDINA.,245,,21,
CUMBRERA SUPERIOR GRAN ONDA,,,,
CUMBRERA SUPERIOR TEJA ANDINA,391,,16,
CURBO DE LUZ KOPLAST,,,,
"	CURTINE -V X 1 KG",680,92,,
"CURVA1"" PAVCO",,,,
"CURVA C-10 1""",,,,
"CURVA DE 1"" TUBOPLAST",,,,
"CURVA PVC SEL DE 1"" PAVCO W",,,,
CURVA PVC SEL DE 3/4 PAVCO W,63,,,
CURZATE M8  1 KG ,,,,
CUTTER REFORZADO,,,,
CYTEX 1/2 LT,,,,
CYTEX X 1/4 LT,,20,,
"CYTEX X LT			",,,,
DESTRUCTOR X 1 LT,144,164,,
DFONDO X 50 KG,,,,
DIAFRAGMA (407424525),,,,
DICROICO LED 5W LUZ CALIDO ,,,,
DICROICOS LED 18W,,,,
DICROICOS LED 7W,,,,
DIFENOL 1/4,,,,
DIFENOL X LT,,,,
DIMECLOR X 1 LT,,,,
"DISCO C/ CONCRETO 7 1/4"" UIUSTOOLS",,,,
DISCO CONCRETO,,,,
DISCO CORTE DE CONCRETO,,,,
"DISCO CORTE DIAMANTADO CONTINUO 4-1/2""",,,3,
"DISCO CORTE FE-INOX BNA12 4-1/2""X3/64""",787,,375,
"DISCO CORTE FE-INOX BNA12 DE 7""X1/16""",1095,,50,
"DISCO CORTE FE-INOX BNA32 DE 14""X7/64""",,,,
DISCO CORTE METL 4 1/2 COD. 10664,,,,
"	DISCO CORTE METL 7 COD. 10665",,,,
DISCO DE 7 1/4 NARTON,,,,
DISCO DE CONCRETO KAMASA,,,,
DISCO DE CORTE Fº,,,,
DISCO DE CORTE Fº 4 1/2,,,,
"DISCO DE CORTE Fº 7""",,,,
DISCO DE CORTE Fº 7 X 1/4 NORTON,,,,
DISCO DE CORTE MADERA,,,,
DISCO DE EMBRAGUE BEQ-797,,,,
DISCO DE EMBREAGUE FUSO,,,,
DISCO DE TACOGRAFO,,,,
DISCO DURO WD 1TB PURPLE,,,,
DISCO MADERA 7 1/4,,,,
"DISCO METAL 7"" TRUPER",,,,
DISCO RAYADO (4074756),,,,
DISCO SOLIDO CRUCIAL,,,,
DISCO WISTERN DIGITAL BLU 1T,,,,
DISCO WISTERN DIGITAL PURPLE 2TB,,,,
DIVICION CON ALUMINIO 3 1/4 CON VIDRIO,,,,
DK-METRIN X 1/4 LT,96,,,
DK-METRIN X 1 LT,48,,,
DOMINEX X 1/4 LT,120,83,,
DOMINEX X 1 LT,,3,,
DUCYMOX X KG,,,,
"DVR 08 CANALES, 04 AUDIOS, GRAB. 1080P HIKVISION",,,,
DVR TURBO HD 720 P HIKVISION 08 CANALES,,,,
DYNATRANS AC10W TRANSMISION,,,,
EKOTROM 1 LT,,,,
EKOTROM GRANULAR 25 KG,,,,
"ELECPRO AWS E 6011 - 1/8"" (5KG)",,,30,
"	ELECPRO AWS E 7018 - 1/8"" (5KG)",,,12,
ELECTROBOMBA 1/2 TRUPER,,,,
ELENQUO X LT,,,,
EMBOLO COMPLETO,,,,
EMBUDO COMPLETO 4200166,,,,
EM COMPOST,,,,
EMPAQUE DE CAUCHO 0061107,,,,
EMPAQUE MULTIPLE DE ESCAPE VOLVO FH FMD13A/B| VRA,,,,
EMPAQUE N12,,,,
EMPAQUETADORA,,,,
EMPUÑADURA (4800170),,,,
EMPUÑADURA ROYAL CONDOR,,,,
ENERGYFRUIT X 100 GR,,,,
ENERGYFRUIT X 250 GR,,,,
ENGEO X LT,,42,,
ENZIPROM X 1/2 LT,,107,,
ENZIPROM X 1/4 LT,480,17,,
ENZIPROM X 1 LT,,8,,
EQUIPO KIT C. ASIST MB360,,,,
ERGOSTIM X 200 ML,,,,
ERGOSTIM XL X 1 LT,,,,
ESFERA RC-130BX,,,,
ESMERILADORA ANGULAR 4 1/2,,,,
ESQUINERO PLASTIC,,,,
ESTREM B 1/2 LT,,,,
ESTREM B 1 LT,,,,
ESTREM CA 1/2 LT,,,,
ESTREM CA 1 LT,,,,
ESTREM MG 1 LT,,,,
"ESTROBO DE ACERO 1/2"" x 2 Mt",,,,
"ESTROBO DE CABLE CON ALMA DE ACERO DE 1/2"" X 2.0 MTS",,,,
FAASTAC x 1 LTS,,,,
"FAJA DE 4"" P/ RACHET CAP. 3,326 KG",,,,
FAMOSS 20SC X 1/4 LT,20,1,,
FARMATHE 100 GR,,,,
FARMATHE 1 KG,,,,
FARMATHE 200 GR,,,,
FARO POST. HILUX,,,,
FASTAC X 1/4 LT,96,23,,
FASTAC X 1 LT,40,6,,
FCK- 50 X 1/2 LT,,,,
FCK- 50 X LT,,,,
FCK- 50 X LT3,,,,
FC MIX 250 ML,,,,
FCMIX / SOBRES X 200G,,,,
FERTIMAR 1/4,,,,
FERTIMAR 50 GMS,,,,
FERTIMAR X 500 GR,,,,
"FERTIPHOS  20-20 LT			",,,,
FETRILON COMBI 1 KG,,,,
FETRILON COMBI 1 X 250 GRS,,68,,
 FGC66140 RUSTIC  CERAMIC TILE 600 4PCS MICASSO,,,,
FIBRAFORTE PL TC 10 076/16 PP1.80X084M BLANCO,,,,
FIBRAFORTE PL TC 10 076/16 PP3.60X0.84M BLANCO,,,,
FIBRAFORTE  TECHO TC14 076/15 PP1.80X0.84M BLANCO,,,,
FIBRAFORTE TECHO TC28 076/15 PP3.60X0.84M BLANCO,,,,
FIERRO DE 12MM SIDER PERU,260,,,
FIERRO DE 1/2 PRODAC,,,,
FIERRO DE 1/2 SIDER PERU,3560,,,
FIERRO DE 1/4 CORRUGADO SIDER PERU,7055,,,
FIERRO DE 1 SIDER PERU,227,,,
FIERRO DE 3/4 SIDER PERU,338,,,
FIERRO DE 3/8 PRODAC,,,,
FIERRO DE 3/8 SIDER PERU,5971,,,
FIERRO DE 5/8 SIDER PERU,1526,,,
FIERRO DE 8MM SIDER PERU ,4839,,,
FILTRO DE AIRE (2500570),,,,
FILTRO DE BOQUE (4074922),,,,
FILTRO DE RECIPIENTE RM-201X-01,,,,
FILTRO LARGO LLAVE DE PASO,,,,
FILTRO RECIPIENTE RC-201X01,,,,
"FILTRO SECADOR IVECO,MANN,M.BENZ,VOLVO,SCANIA 3090288| ",,,,
"FILTRO SEPAR 21380488 FH,FMX D13ABC WK11001X RENAULT",,,,
"FILTRO SEPAR.AGUA FH12 K124,WK1060/3X S.VASO DAF MANN| ",,,,
FIRTORAZ X KG,,,,
FITORAZ 400 GR,,,,
"FITORAZ X KG			",,,,
FLAUTA (403511125),,,,
FLEXOMETRO,,,,
FLOTER 18-17-18,,,,
FLOTER 28-11-14,,,,
FOCO H4 NARVA,,,,
FOCO LED 50W MARCA CROW ,,,,
FOCO LED ASHUN 120,,,,
FOCO LED LUN PH,,,,
FOCO PEQUEÑO 100W,,,,
FOCO PHILIPS 80W,,,,
FOCO SENSOR DE 9W ,,,,
FOCOS ESPIRALADO GRANDE,,,,
FOCO WILIX,,,,
FOLICUR 250 ML,,,,
FOLIO GOLD 440 X 1 LT,744,25,,
FOLIX BORATO X 01 LT,,,,
FOLIX CALTRA X 01 LT,,,,
FOLIX KA 1 LT,,,,
FOLIX NITRO 1L,,,,
FOLIX PHOSKA 1 LT,,,,
FOLIX PHOS X LT,,,,
FORDAZIN X 1/4 LT,,,,
FORDAZIN X LT,,,,
FORMATEO Y SOLUCION DE LAS FALLAS DEL RAUTER,,,,
FORMATOS DE JUEGO,,,,
FORRO DE TIMON,,,,
FORSOIL X LT,,,,
FORTA 15 X 01 LT,,,,
FORTA 15 X 1/2 LT,,,,
FORT SOIL 1 LT,,,,
FORUM 180 GR,,,,
FOSFATO DIAMONICO X 50 KG,,36,,
FOSFATO MONOAMONICO,,,,
FRAGUA X 1 KG NEGRO SANSON,,,,
FRUT MORE 10 55 10 X KG,,,,
"FRUT MORE 13-01-45 KG			",,,,
FRUT MORE 20-20-20 X 01 KG,,,,
FRUT MORE 32-10-10 X 01 KG,,,,
FRUT MORE K50+18% X KG,,,,
"FRUTYFLOR PK LT			",,,,
FUEGO 757 SG KG,,,,
FUEGO X LT,,,,
FUENTE 12V1A,,,,
FUGIZIM 1/2 LT,,,,
FULLGIB X 25 ML,,,,
 FULMINANTE AMARILLO CALIE 22 ( CIENTO),,,12,
FULMINANTE MARRON CALIBRE 22 (CIENTO),23,,327,
FULMINANTE VERDE CALIBRE 22 (CIENTO),,,26,
FULMINATE 250 ML,,,,
FUMIGADORA A BATERIA X 15 LT,,,,
FUMIGADORA BATERIA,,,,
FUMIGADORA ROYAL CONDOR CLASICA,,5,,
FUMIGADORA ROYAL CONDOR INTEGRA,42,26,,
FUMIGADORA SOLO 425,1,2,,
FUMIGADORA SOLO 435,,,,
FUMIGADORA SOLO 475,,,,
FUNGICHEL X 1/2 LT,,,,
FUNGICHEL X 1/4 LT,,,,
FUNGICHEL X LT,,,,
FUNGIGOLD X 1 KG,,,,
FUNGIZIM 1/2 LT,,,,
FUNGIZIM 1/4 LT,,,,
FUNGIZIM 1 LT,,,,
FURADAN 12.5 KG,,,,
FURADAN 1/2 LT,,,,
FURADAN 1/4 LT,,,,
FURADAN GRN x KG,,,,
FURADAN X LT,,,,
FURIA 1/4 LT,,17,,
FURIA 1 LT,,6,,
FUSIBLE,,,,
GALBEN X KG,,,,
GALON DE TINHER AUTOMOTRIZ,,,,
GALONES DE CHEMA,,,,
GANCHO DE CORREA (4074836),,,,
GANCHO DE J,,,,
GANCHO DE TRUPAN RANURADO,,,,
"GANCHOS DE PLATINA  DE 1"" PARA INSTALACION DE TUBO DE DESAGUE",,,,
GASTION BOT X FRASCO (30 UNI),,,,
"	GASTION LATA X10TUB*30 TAB",,,,
GASTION x TAB. 90GRS,,,,
GAZOL,,,,
"GEBE TUBO DE DESAGUE 6"" KOPLAST",,,,
"GEBE TUBO DE DESAGUE 8"" KOPLAST",,,,
GEOLOGO,,,,
GHODA X 1/4 KG,,,,
GIP CONTRATISTAS S.A.C.,,,,
GLIFOKILL 1 LT,,,,
GOTERO LUBRICADOR 30CC,,,,
GOTERO LUBRICADOR 30CC RC-420-30-CCX,,,,
GRAN ONDA ANDINA 3.05X1.10MTS,,,1,
"	GRAPA PARA MALLA GANADERA CAJA VERDE",140.9,,,
GRASA DE PALIER,,,,
GRASA LUB. 180 KG,,,,
GRASA REPSOL,,,,
GRASA SUPER H2 VISTONY,,,,
GREENZIT ca-b-zn LT,,,,
GROWFOLAN 11-8-6 LT,,,,
GROW MORE 12-45-10 X 01KG,,,,
GROW MORE 20-20-20 XKG,,,,
GROW MORE 20 20 20 X LT,,,,
GROW MORE  32-10-10 XKG,,,,
GUANO COSTEMAR X 50KG,,,,
GUANO X 25KG,,,,
GUANTES ANTICORTE,,,,
GUANTES DE LANA ,,,,
GUANTES DE LANA GRANULADO,,,,
GUIRNALDA,,,,
GYPLAC RH X 1.22X2.44 X 12.7,115,,13,
GYPLAC ST 1220x2440x12.7 Extraliviana-1/2,522,,53,
HABACUS,,,,
HARD TOG X 1 LT,240,28,,
HEADLAMP,,,,
HEBILLA (4074412),,,,
HERBIAMINA  X 1 LT,72,60,,
HG-HSP8 ALARMA RESIDENCIAL,,,,
HIDROFER FOSFORO X 01 LT,,,,
HIDROFER NITROGENO X 01 LT,,,,
HIDROFER PK X 01 LT,,,,
HIDROLAVADORA ELECTRICA 1500,,,,
HIDROLINA AW68 BALDE,,,,
HIELOXIL MIX 72 WP X 1  KG,,,,
HIK -154 DISCO DURO 2TB WDPURRURA + 8 CAMARAS 1MP HD+ 8DC+ 8FUENTE 1A,,,,
HIPOCLORITO X GALON,,,,
HOJA DE SIERRA KULKONI,,,,
HOJA SIERRA SAMFLEX,,,,
HOMAI 100 GR,,,,
HOMAI 1/2 KG,,,,
HOMAI X 01KG,,,,
HORMIGON M3,,,,
HORTIQUIN X 1/4 LT,,,,
HOTIQUIN X 1LT,,,,
HUMIC ACID X 1LT,,24,,
HUMIC ACID X 25 KG ,,,,
HUMIFAR X 01LT,,,,
HUMITECH X 1 LT,120,22,,
IDOLO (ENV. X 1L),,,,
IMPULSA FOS X 50 KG,,,,
"INFINITO SC687,5X 1LT",,,,
JUEGOS DE BROCA CONCRETO DIAMANTADO 6PCS JUSTER,10,,,
JUNTA (4074350),,,,
JUNTA ANULAR (4061345),,,,
JUNTAS DEL COLECTOR DE ADMISION SUSTITUCION ,,,,
KALEX 1/2 LT,,,,
KALEX LT,,,,
KASUMIN X 1/2,,130,,
KASUMIN X LT,,,,
KELLPACK 1 LT,,20,,
KILOGRAMO GROW MORE PREMIUN 32-10-10 X 1 KG ,,,,
KIT AGRICOLA,,,,
KIT ANILLO INY. BBA,,,,
KIT BOCINA C/PERNO MUELLE DEL,,,,
KIT BOCINA MUELLE DELANT FM/FMXX440,,,,
KIT DE BUJES SUSPENSION TA300 W&AMP;C MADE IN UAS,,,,
KIT DE EMBRAGUE FM,,,,
KIT DE EMBRAGUE REWARD 500,,,,
KIT DE FILTRO DE A (USAR VO 21479106),,,,
KIT DE REPARACION DE FRENO,,,,
KIT EMBOLO,,,,
KIT LUB. D13A FHFM,,,,
KIT METUSA DE ACCESORIOS PARA 1/2 BAÑO,,,,
K-NON 1LTG,,,,
K-OIL MINERAL X 1 LT,,,,
K-OIL X LT,,,,
LADRILLO DE TECHO DE 15X30X30 CM,,,,
LADRILLO DE TECHO DE 15X30X30 CM - LARK,,,,
LADRILLO HUECO 8 ,,,,
LADRILLO KK 18 HUECOS LARK,4780,,,
LADRILLO KK 18 HUECOS INCA,8500,,,
LADRILLO PASTELERO LARK,847,,,
LAMDEX LT,,,,
LAMPA CUCHARA,,,,
LANA R8-65mmx1.20x9.25m-2 Rollos 22.20M2 ,4,,,
LANDEX X LT,,,,
LANNAFARM 90%PS X 100 GR,,,,
LLAVE 2X20 BTIZINO,,,,
LLAVE 2X32A BTIZINO,,,,
LLAVE 2X32 BTIZINO,,,,
LLAVE 2X40 BTIZINO,,,,
LLAVE ALLEN,,,,
LLAVE ALTA CUADRADA L3030A- XM,,,,
LLAVE BAJA GF2115 - GOLD FLAG,,,,
LLAVE CHEK,,,,
LLAVE CUCHILLA 20A,,,,
LLAVE DE DUCHA,,,,
LLAVE DE PASO,,,,
LLAVE DE PASO 1/2 MARIPOSA,,,,
LLAVE DE PASO AGUA CALIENTE BRONCE,,,,
"LLAVE DE PASO DE 1/2"" CONCYSA",,,,
LLAVE DE PASO PVC 3/4 PESADO,,,,
LLAVE DIFERENCIAL,,,,
LLAVE ITALGRIF LAVATORIO,,,,
LLAVE N° 08 STANLY,,,,
LLAVE PASO 1/2 CON,,,,
LLAVES DE LAVATORIO,,,,
LLAVES DE RIEL 4X40AMP.MARCA CHINT,,,,
LLAVES TERMICAS 40A,,,,
LLAVE TERMICA 32 Y 40 AMP,,,,
LLAVE TERMICA DE 25A,,,,
LLAVE TERMICA DE 32A,,,,
LLAVE TERMOMAGNETICA 25A,,,,
LLAVE TERMOMAGNETICA 2X25,,,,
LLAVE UNIVERSAL PAVCO,,,,
LLEVAR REGISTRO CON ATRAZO,,,,
LUCES LED,,,,
LUMINARIAS 60X60,,,,
LUNA EXPERIENCE X LT,,,,
MACHETE GAVILAN,,,,
MADERA 2X3X10,,,,
MADERA TORNILLO INC.CORTE P/ENCOFRADO,,,,
MAGUERA DE 100 ML 3/4,,,,
MALATHION 1/2 KG,,98,,
MALATHION X 1KG,,32,,
MALLA CUAD PVC 1/2X19.5-0.9X30M LIV-11KG,,3,,
MALLA CUAD PVC 3/8X20.5-0.9X30M LIV-11KG,,1,,
 MALLA CUADRADA 1/2X23BWG-0.9X30M-LIV P+,,3,,
MALLA CUADRADA 3/8X24BWG-0.9X30M-LIV P+,,3,,
MALLA FINA,,,,
MALLA GALVANIZADO,,,,
MALLA GANADERA ANDINO,,,,
MALLA HEX 3/4-0.90X30 MT (5kg),,,,
MALLA N° 96 COLOR NEGRO,,,,
MALLA NEGRO DE 17M,,,,
MALLA NEGRO DE 17M X 9 METROS,,,,
MALLA RASCHEL 65% 4.2X100 VC ROL,,,,
MALLKI FULVICO X 1 LT,,1,,
MALLKI MA2030 X 25 KG,411,10,,
MANETA MONTADA (480017325),,,,
MANGANEB x KG,,,,
MANGUERA 8.5MM -100MT,,,,
MANGUERA DE 1,,,,
MANGUERA DE CARRETA,,,,
MANGUERA DE MOTOBOMBA 423,,,,
MANGUERA DE NIVEL X ROLLO,,,,
MANGUERA DE SUCCION,,,,
MANGUERA INT=9.5 mm=3/8ECT=16mm,,,,
MANGUERA NEGRA ROLLO,,,,
MANGUERA RADIADOR ADP-906,,,,
MANGUERA REFORZADA DE PBC,,,,
MANGUERA ROYAL CONDOR ,,,,
MANGUERA SOLO (3000064510),,,,
MANGUITO VITON (4400189),,,,
MANIJA (4074335),,,,
MANIJA LLAVE  DE PASO,,,,
MANILLA ANARANJADA,,,,
MANKOMET X KG,,,,
MANTEMIENTO TRACTO F9M-764,,,,
MARCO MADERA PINO NATURAL,,,,
MARCO PINO X60,,,1,
MARCO PUERTA 10X42 32X60X2130,,,,
MARCO PUERTA 10X42 32X60X2440,,,,
MARTILLO TRAMONTINA,,,,
MASILLA BALDE X 27 KG CONSTRUTEK,,,,
MASILLA BOLSA X 5 KG CTK,,,2,
MASILLA CTK X 20 KG,,,10,
MASILLA GYPLAC 90MIN 25 KG,41,,4,
MASILLA GYPLAC X 20 KG,155,,44,
MATADOR X L,,,,
MATAHHIN,,,,
MAYOLICA CELIMA ARIANNA HUESO 1.83 M2,,,,
MAYOLICA CUADROS VIVES CLARO,,,,
MELYRA 1 L,,,,
MEMBRANA (407424525),,,,
MERTECT 500 SC X 100 ML,48,103,,
MERTECT 500 SC X 1 LT,,,,
MESCLADORA PARA DUCHA ITALGRIF ,,,,
METRO CABLE N°10mm,,,,
MEZCLADORA DE DUCHA ITALGRIF,,,,
MEZCLADORA FRATELL,,,,
MICROESSENTIALS SZ X 50 KG,50,,,
MICROTHIOL GD X1KG,,,,
MILLARES DE LADRILLO,,,,
MISTICO 400 EC X 1 LT,,,,
MISTICO 400 EC X 250CC,,,,
MIXHOR PLUS X 1 LT,,,,
MIXHOR PLUS X 250 CC,,,,
MNAGUERA DE 3/4,,,,
MOLDURA RETEN,,,,
MOLI-161616 BL.50KG,,,,
MOLIMAX NPK 15-15 -15 X 50 KG,70,5,,
MOLIMAX 202020 X 50 KG,243,14,,
MOLIMAX FRUTALES,,,,
MOLIMAX MAIZ GIGANTE,,,,
MOLIMAX NITRATO,,,,
MOLIMAX NITROS ESTANDAR,,,,
MOLIMAX PAPA SIERRA X 50 KG,97,,,
MOL X LT,,,,
MOL X LT4,,,,
MONOFOS X ,,,,
"MOTOBOMBA 2 "" TRUPER",,,,
"MOTOBOMBA 3"" TRUPER",,,,
"MOTOBOMBA TRUPER X 3""",,,,
MOTOPULVERIZADOR 423 X 12 LT,,,,
MOTOPULVERIZADORA 434 18LT,,,,
MOTOPULVERIZADORA 434 (25LT),,,,
MOTOPULVERIZADORA ASH X 20 LT,,,,
MOTOR DE 5.5KW,,,,
MULTIFRUT X 1 KG,,25,,
MULTIPLACA 1.22X2.44X4MM..,690,,57,
MULTIPLACA CIELO 0.6X0.6X4MM,2784,565,,
MUTRIMAX PK X LT,,,,
NEALTA L,,,,
NEWFOL REGULADO PH 1/2 LT,,,,
NEWFOL REGULADO PH 1/4 LT,,,,
NEWFOL REGULADOR PH LT ,,,,
NIPLE,,,,
NIPLE 3/4 A/CALIENTE,,,,
"NIPLE DE 1/2"" ACRO ",,,,
NIPLE PVC,,,,
NIPLE PVC 1 X 4,,,,
NIPLE PVC HIDRO 1/2 X 1 1/2 TIGRE,,,,
NIPLES LAVATORIO,,,,
NIRATO,,,,
nitrato de amonio inti,,,,
NITRATO DE AMONIO / SACO,,,,
NITRO KING 33 +KELLPAK X LT,,,,
NITROMAX X 1K,,,,
NIVEL LASER 10 M,,,1,
NIVEL DE MANO MEDIANO ,,,1,
NIVEL DE MANO PEQUEÑO,,,1,
NUTRIDOR 20 20 20 X LT,,,,
NUTRIDOR N30 X LT,,,,
NUTRIFERT CALCIO- BORO-ZINC,,,,
NUTRIFERT NITROGERO,,,,
NUTRIFERT POTASIO,,,,
NUTRIMAX PK X LT,,,,
NUTRISIL 4N 30,,,,
OBERTS X 1/4 LT,,,,
OBERTS X LT,,,,
OBRAMAS XLT,,,,
OEC BBVA,,,,
OLIGOMIX X 1 KG,,,,
OLIGOMIX X 100 GRS,200,470,,
OMEX 202,,,,
Omex 20 20 20 x lt,,,,
OPERA,,,,
OPERA 1/4 LT,,,,
OPERADOR ,,,,
OPERA LT,,,,
ORGABIOL X L,,,,
ORGANIZADO,,,,
O RING 0062248,,,,
O RING DE EMBOLO RC-413X,,,,
ORING TAPON CABEZOTE RC-106X,,,,
OUT DUST  X 1 LT,,,,
OVALIN CUADRADO PORTACAÑO 675-XM,,,,
OVALINES CIRCULARES,,,,
OVALINES RECTANGULAR,,,,
OVALÍN HUEVITO,,,,
OVALIN RECTANGULAR XM674 BLANCO,,,,
OVERO - MAMELUCO BLANCOS,,,,
OWA COSMOS 68/N 2X2X15MM BR (CJX12),,,,
OWA TACLA N 2X2X14MM BR (CJX12),,,,
OXAMANTE X LT,,,,
OXFORD GRAFITO 60X60,,,,
OXTAL X LT,,,,
PALANCA (4074329),,,,
PALANCA DE FIBRA (407426225),,,,
PANDERETA,,,,
PANEL LED 18W,,,,
PANTALLA (4900430),,,,
PANTALLA PARA HERVICIDA RA-H-02,,,,
PAQUETE DE BORNERA DE 6A,,,,
PAQUETE DE CENTILLO DE 30CM,,,,
PARA CHUPADERA 200 GRS,,,,
PARA GASTOS DE VIAJE,,,,
PA RANCHA X 1/4 LT,,,,
PA RANCHA X 500 ML,,,,
PA RANCHA X LT,,,,
"PARANTE 38 X 38 X 0.45 X 3 GALV,",773,,610,
"PARANTE 64 X 38 X 0.45 X 3 GALV,",6,,360,
"PARANTE 89 X 38 X 0.45 X 3 GALV,",393,,430,
PASTA PARA JUNTA WESTPAC X 20,,,,
PASTA PARA JUNTA WESTPAC X 28 KG,,,,
PEGAMENTO 1/4 BLANCO,,,,
PEGAMENTO AFRICANO 1/24 GALON,,,,
PEGAMENTO AFRICANO 1/4 GALON,,,,
"PEGAMENTO AGUA C"" 237ML",,,,
PEGAMENTO AZUL 1/4,,,,
PEGAMENTO BLANCO EXTRAFUERTE,,,,
PEGAMENTO BLANCO FLEXIBLE,,,,
PEGAMENTO BRAVO,,,,
PEGAMENTO CELIMA GRIS,,,,
PEGAMENTO CHEMA 25K,,,,
PEGAMENTO CPV 1/32 ,,,,
PEGAMENTO DE 1/8 OATEY AZUL ,,,,
PEGAMENTO EXTRAFUERTE BLANCO MI GALPÓN,,,,
PEGAMENTO GRIS INTERIOR 25 KG,,,,
PEGAMENTO GRIS INTERIOR 25 KG. RUMI RUMI,,,,
PEGAMENTO INTERIOR FAXIO,,,,
PEGAMENTO PVC,,,,
"	PEGAMENTO PVC DE 1/32 AZUL PAVCO",41,,,
PEGAMENTO PVC DE 1/32 DOR.PAVCO,,,,
PEGAMENTO PVC DE 1/4 DOR.PAVCO,4,,,
PEGAMENTO PVC DE 1/8 DOR.PAVCO,,,,
PEGAMENTO PVC RAIN-R.SHINE 118ml OATEY,,,,
PEGAMENTO TREBOL,,,,
PENTACLORO SAUME X 400 GR,,,,
PENTACLORO X KG,,,,
PERFECTHIUM 200ML,,,,
"PERFIL 4 3X1.10 AMARILLO			",,,,
"PERFIL 4 3X1.10 VERDE			",,,,
PERFIL 4 ANDINO DE 3.05X1.10MTS,277,,1,
PERFIL 4 DE 1.83X1.10 MTS GRIS,,,,
"PERFIL 4 DE 2.44x1.10mts GRIS,",,,,
"PERFIL 4 DE 2.44X1.10mts ROJA,",,,,
PERFIL 4 DE 3.05X1.10 GRIS,108,,,
PERFIL 4 DE 3.05X1.10 ROJO,,,,
PERFIL ALUMINIO,,,,
PERFIL GRAN ONDA 3.05X1.10 GRIS,431,,,
"PERFIL OMEGA 30X25X0.45MMX3.00M GALV,",117,,48,
"PERFIL RIEL 39X25X0.45X3.00 GALV,",188,,1110,
"PERFIL RIEL 65X25X0.45X3GALV,",6,,738,
"PERFIL RIEL 90X25X0.45X3 GALV,",1418,,257,
PERFIL RIEL 90X25X0.90X3 GALV,,,,
PERNO DE ANCLAJE,,,,
PERNODEEXPANSION1.2X4,,,,
PERNODEEXPANSION3.8X4,,,,
PERNO DE SOQUET,,,,
PERNOHEXAGONAL M10X30G10.9UNC,,,,
PERNOHEXAGONAL M12X35G10.9UNC,,,,
PERNOHEXAGONAL M12X40G10.9UN,,,,
PERNOHEXAGONAL M12X40G10.9UNC,,,,
PERNOHEXAGONAL M8X35G10.9UNC,,,,
PERNO PASADOR (4074295),,,,
PERNO PL CAPERUZZ,,,,
PERNO SPACK,,,,
PHOS HUMIC LT,,,,
PHOSTOXIN X PASTILLA,,,,
PHYTON LT,,,,
PHYTON X 200 ML,,,,
PHYTON X500 ML,,2,,
"	PICOS PERUANO CABEZA 5 LB COD 18622",4,,4,
PIEZA DE RETENCION (4074500),,,,
PINTURA TEJA ANDINA ,22,,10,
PISTON (407355825),,,,
PISTON DE ENPUÑADURA (4074336),,,,
PISTOLA DE SILICONA,,,5,
PIX,,,,
PIX 0.5 L,,,,
PIX 1 L,,,,
PLACA DE JUNTA (4061257,,,,
GYPLAC ST 1220x2440x9.5,440,,40,
PLACTICO C/D 80,,,,
PLANCHA DE DRYWALL DE 6MM,,,,
PLANCHA DE TUBO PARA BANDERA,,,,
PLANCHA ESTRIADA LAC 2.5MMX200X2400,,,,
PLANCHA GALVANIZADO 1/16X1200,,,,
PLANCHAS DE ARANDELA VETRA,,,,
Planchas de Drywall 3/8,,,,
PLANCHAS MALOGRADAS,,,,
PLANOS SANITARIOS Y ELECTRICOS IMPRESOS Y FIRMADOS,,,,
PLASTICO AZUL X METRO,,,,
PLASTICO C/D 120,,,,
PLATINA 1X3.0MMX6.0M A36,,,,
PLATO DE EMBREAGUE FUSO,,,,
POLEA DE 13X4,,,,
POLICAL B LT,,,,
POLICAL X1LT,,,,
POLICARBONATO 11.60 MTRS X 2.10,,,,
POLICARBONATO 2 MTRS X 5.80,,,,
POLIZA DE SEGUROS DE LA CAMIONETA,,,,
POLIZA DE SEGUROS VARIOS,,,,
POLYFEED 21-21-21 X 1 KG,,33,,
POLYFEED 31-11-11 X 1 KG,300,26,,
POLYFEED 8-52-17 X 1 KG,,157,,
POLYRAN X 1 KG,,,,
PRIMEX 1/4,,,,
PRIVAT 70 PM X 100GRS,,79,,
PRIVAT 70 PM X 50GR,,,,
PRIVATE X 1/4 KG,,,,
PRIVATE X 1 KG,12,,,
PROACCES 1L,,1,,
PROAXIS 60 SC X 1 LT,,,,
PROAXIS 60 SC X 250 CC,,,,
PROCESO CONSTRUCTIVO,,,,
PRODEFENS 500 EC X 1 LT,,,,
PRODEFENS 500 EC X 250 ML,,,,
PROMALINA 30 ML,,,,
PROMALINA X 10ML,,,,
PROMESS X 1L,,,,
PROMET B X 1 LT,,,,
PROMET BORO X 1 LT,,,,
PROMET CA X 1 LT,,45,,
PROMET CU X 1/4 LT,,,,
PROMET CU X 1 LT,,,,
PROMET MG X 1 LT,,,,
PROMET ZNC X 1 LT,,61,,
PROSALEX LT,,,,
PROTECTOR FACIAL,,,,
PROTEXIN X  250ML,,,,
PROTEXIN X LT ,,,,
"	PUA PRODAC ANDINO 1.24/1.24 200M",11,,,
"PUA PRODAC MOTTO 1.60/1.45 200M 5""",5,,3,
"PUA PRODAC SINCHI 1.40/1.40 200M 5""",1,,3,
PUCCIN X 1 KG,,,,
PUERTA BLANCA RT OPERA PREPINTADA 40X650X2070,,,,
PUERTA BLANCA RT OPERA PREPINTADA 40X700X2070,,,,
PUERTA BLANCA RT OPERA PREPINTADA 40X750X2070,,,1,
PUERTA BLANCA RT OPERA PREPINTADA 40X800X2070,,,,
PUERTA BLANCA RT OPERA PREPINTADA 40X850X2070,,,,
PUERTA BLANCA RT OPERA PREPINTADA 40X900X2070,,,,
PUERTA DE METAL MALOGRADO,,,,
PUERTA INTERIOR MODELO PRESTIGE PREPINTADO BLANCO 40x850x2070 MM ,,,,
PUERTA INTERIOR MODELO PRESTIGE PREPINTADO BLANCO 40x900x2070 MM ,3,,,
PUERTA INTERIOR MODELO SINFONIA PRE PINTADO BLANCO 40 X 800 X 2070 MM ,1,,,
PUERTA MODELO OPERA C/PERFORACION X65 CM,,,,
 PUERTA MODELO OPERA C/PERFORACION X75 CM,1,,,
 PUERTA MODELO OPERA C/PERFORACION X85 CM ,,,,
 PUERTA MODELO PRESTIGE PREPINTADO C/PERFORACION X80 CM,,,3,
PUERTA PRINCIPAL HDF4 MM RUTEADA ENCHAPADA EN CEDRO ROJO LINEAL CON BASTIDOR DE PINO DOBLES 33x66 MM + REFUERZO CENTRAL 33x99 MM RELLENO DE HONEY COMB(1000*2190)+MARCO,,,,
PUERTA PRINCIPAL HDF4 MM RUTEADA ENCHAPADA EN CEDRO ROJO LINEAL CON BASTIDOR DE PINO DOBLES 33x66 MM + REFUERZO CENTRAL 33x99 MM RELLENO DE HONEY COMB(1000*2490) +MARCO,,,,
PUERTA PRINCIPAL HDF4 MM RUTEADA ENCHAPADA EN CEDRO ROJO LINEAL CON BASTIDOR DE PINO DOBLES 33x66 MM + REFUERZO CENTRAL 33x99 MM RELLENO DE HONEY COMB(880*2210)+ MARCO,,,,
PUERTA PRINCIPAL HDF4 MM RUTEADA ENCHAPADA EN CEDRO ROJO LINEAL CON BASTIDOR DE PINO DOBLES 33x66 MM + REFUERZO CENTRAL 33x99 MM RELLENO DE HONEY COMB (950*2210)+MARCO,,,,
PUERTAS METALICAS ,,,,
PULVERIZADORA 425 DOMESTIC,2,11,,
PULVERIZADORA 433H SOLO,,,,
Pulverizador A A motor craftop x 25 lt,,,,
PULVERIZADOR DORSAL SIMÉTRICO 20L  SP,,,,
PUNTERA,,,116,
QUIMIFOL 600 PLUS X 1 KG,340,60,,
QUIMIFOL K710 X 1 KG,,,,
QUIMIFOL KK300 X 5 LT,,,,
QUIMIFOL KK300 X 1 LT,,10,,
QUIMIFOL N510 X 1 KG,280,1,,
QUIMIFOL NEXTRA X 1 LT,,,,
QUIMIFOL NPK610 PLUS X 1 KG,,,,
QUIMIFOL P680 X 1 KG,180,101,,
QUIMIFOL PH MASTER X 1/2 LT,,,,
QUIMIFOL PH MASTER X 1 LT,,,,
QUIMIFOL PK990 X 1 KG,380,,,
QUIMIFOL PP430 X 1 LT,120,,,
QUIMIFOSATO X 1 LT,,,,
QUIMIWET X 1/4 LT,,,,
QUIMIWET PRIME X 1 LT,,,,
QUIMIWET PRIME X 1/4 LT,,,,
QUIMIX X 1 LT,,,,
QUITASARRO 1LT,,,,
RACH DE FRENO CARRETA,,,,
RADIADOR BLX-947,,,,
RAMBO 1 LT,,,,
RAMBO 250 ML,,,,
RANGER FLASH 1L,,,,
RAPTOR 1/2 LT,,,,
RAPTOR 1/4 LT,,,,
RAPTOR 1 LT,,,,
RASTRILLO HECHIZO,,,,
RED MAD FOREST ASH 20X60,,,,
REDUCCION 1/2 ROSCA Y PRESION KOPLAST,,,,
REDUCCION 1A1/2 PAVCO,,,,
"REDUCCION 1"" A 3/4 KOPLAST",,,,
REDUCCION 3/4 A 1/2 A/CALIENTE PAVCO,,,,
REDUCCION 3/4 A 1/2 A/FRIA PAVCO,,,,
REDUCCION 3/4 A 1/2 KOPLAST,,,,
REDUCCION 4A2 PAVCO,,,,
"REDUCCIÓN CPVC A/ CALIENTE 3/4"" A 1/2"" SP PAVCO",,,,
REDUCCION DE 3/4,,,,
REDUCCION DE 4 A 2,,,,
REGEM,,,,
REGENT X 1 LT,,,,
REGENT X 250ML,,,,
REGLA DE ALUMINIO 1 1/2 X 3 X 6m,,,,
REPARACION AJK-989,,,,
RESCATE 1 KG,,,,
"RESCATE SP ,30X0,1 KG,PE",,,,
RESORTE (0070259) 425,,,,
REVLISO PIXEL WHITE 30X60,,,,
"R-FOS 1/2 LT			",,,,
"R-FOS X 1 LT			",,,,
RHIZOLERX,,,,
"RHIZOLEX T,12X0,5 KG,PE",,,,
"RHIZOLEX T,9X0,2 KG,PE",,,,
RIDOMIL 1/2,,,,
RIDOMIL 1/4,,80,,
RIDOMIL X KG,,22,,
RIEL 5 M.M T/50/A (50*50*5MM),,,,
RIEL 9M.M T/70-1/B (70*65*9MM),,,,
"ROCA FOSFORICA X 50 KG			",88,3,,
ROD AMIN 1/2 LT,,,,
ROD AMIN 1/4 LT,,,,
ROD AMIN 1 LT,,,,
RODILLO Nª 9,,,,
RODILLO TORO #12,,,,
RODILLO TORO #3,,,,
"ROD POWER X 1/2 LT			",,,,
ROD POWER X 1 LT,,,,
ROLLIZOS DE 6 4MM,,,,
ROLLIZOS DE 6 5MM,,,,
ROLLO DE CABLE #10 VERDE/AMARILLO,,,,
ROLLO DE CABLE #12,,,,
ROLLO DE CABLE #12 VERDE/AMARILLO ,,,,
Rollos de Tubo por 100 Metros Negro Transportados Desde la Av. Albert Einstein Lote B4 Z. I Parque Industrial Sector 62 Chilca Cañete Lima  Hacia Jr. Arica N° 126 Abancay Abancay Apurimac Segun GRR ,,,,
"Rollos de Tubo por 100 Metros Negro Transportados Desde la Av. Albert Einstein Lote B4 Z. I Parque Industrial Sector 62 Chilca Cañete Lima  Hacia Jr. Arica N° 126 Abancay Abancay Apurimac Segun GRR 0001-014720, 0001-014764, 0001-014765",,,,
ROT-HOR X 1/4 LT (ACIDO INDOLBUTIRICO),,,,
ROTULA,,,,
ROTULA LH,,,,
ROTULA RH,,,,
RUGBY 20 CS X 1L FARMEX,,,,
RUGBY X 15 KG,,,,
RUGBY X 1 KG,,,,
RUGBY X 5 KG,,18,,
RYZ UP X 25 ML,,,,
SACO DE POLIPRODILENO 50 KG,,,,
S-BRASSA PLUS X KG,,7,,
SCUADRA SCX 1 LT,,,,
SEGURO VEHICHULAR BCN-725,,,,
SELECRON 500 EC X 1/4 LT,,,,
SELECRON 500 EC X 1 LT,,46,,
SELLADOR CPP,,,,
SELLADOR ENPAQUE,,,,
Sellador epóxico grande para enchape,,,,
SELLOCOR 1160 SOLDADURA,,,,
SELLOS ,,,,
SEMILLA ALFALFA ALFAMASTER X 1 KG,,,,
SEMILLA ALFALFA MOAPA 69 X 1 KG,,,,
SEMILLA DE PAPA,,,,
SEMILLA RYE GRASS ITALIANO TAMA AGP X 1 KG,,,,
SEMILLA TREBOL ROJO AMERICANO X 1 KG,,,,
SENCOR 1 LT,,,,
SENCOR X 250 ML,,,,
SENSOR ABS ,,,,
SENSOR DE PRESION,,,,
SENSOR MAGNETICO,,,,
SERENE-BET 397 2X4X1/2 BR (CJX8),,,12,
SERENE PLUS 2X4X15.9MM BR(CJX8) ,,,,
SERENE PLUS 2X4X5/8,,,,
SERRUCHO,,,,
SERRUCHO STANLEY,,,,
SERRUCHO UTILITARIO PC,,,,
SHUSHUPE X 100GR,,,,
SIKA,,,,
SIKAFLEX,,,,
SILICONA AT,,,,
SILICONA MEGA GREY,,,,
SILICONA MELAMINE,,,,
SILICONA SIKA,,,,
SILICONA SIKASIL,,,,
SILIFARM X 1/4 LT,120,55,,
SILIFARM X 1 LT ,,24,,
SILLON FIJO,,,,
SILVACUR COMBI EC300X250ML,,,,
SIRIUS 2X2X12MMBR (CJX16),,,,
SIR-ONE 50 G,,,,
"SISAYA 14""",,,,
"SISAYA 18""",,,,
SISTEMA NEUMATICO ESTADO,,,,
SISTEMA SUSPENSION NEUMATICA WATSON,,,,
SISTEMA SUSPENSION NEUMATICA WATSON,,,,
SISTERMIN X LT,,,,
SOAT BCN-725,,,,
SOAT BEQ-797,,,,
SOAT BER-757,,,,
SOCKET 8°30,,,,
SOGUILLA POR 50M,,,,
SOLO HIDROJET - CARRETILLA,,,,
SOLUTION,,,,
SOPLETE DE 60 WALTS,,,,
SOPO MOTOR POST D12C/D/D13A,,,,
SOQUET,,,,
SOQUET BTICINO,,,,
SOQUETS PLAFON BTCINO,,,,
SPACK 5/16,,,,
SPACK TORNILLO,,,,
SPIROCROP 250 ML,,,,
SPORTAK 1/4 L,,146,,
SPOT DE ESCALERA,,,,
SSD SOLIDO 240 GB A400 6GB/S KINGSTON,,,,
STERMIN X 1 LT,,,,
STIMPLEX X 1/2 LT,20,210,,
STIMPLEX X 1/4 LT,16,168,,
STIMPLEX X 1 LT,,3,,
STROM PHOS X 1 LT,552,65,,
SUAP,,,,
SULFATO DE AMONIO ESTANDAR,,,,
SULFATO DE AMONIO GRANULADO,,,,
SULFATO DE MAGNESIO HEPTAHIDRATADO,,,,
SULFATO DE POTASIO GRANULAR X 50 KG,39,3,,
SULFATO DE ZING,,,,
SULFA X LT,,,,
SULFA X LT,,,,
"SULPOMAG PREMIUN			",,,,
"SUMEDERO PARA LAVADERO DE 2""",,,,
SUMIDERO,,,,
SUMIDEROS ,,,,
SUNFIRE 1/4 LT,,56,,
SUNFIRE 1 LT,,,,
SUPERAZ (PROCLORAZ) 1/4 LT,,,,
SUPERAZ (PROCLORAZ) 1 LT,,,,
"	SUPERBOARD 4PRO 1.22x2.44x6mm",125,,10,
"SUPERBOARD MADERA 1220X2440X6MM		",,,,
SUPERBOARD MADERA 1.22 X2.44 X 8MM,91,,10,
SUPERBOARD ST 1.22X2.44X6MM...,234,,30,
SUPERBOARD ST 1.22X2.44X8MM,209,,4,
SUPERCUR (TEBUCONAZOLE ) 1/4 LT,,,,
SUPERCUR (TEBUCONAZOLE) 1 LT,,,,
"SUPER FOSFATO TRIPLE X 50 KG			",7,,,
SUPER MAGNESIO 1 LT,,,,
SUPERVISOR,,,,
SUPRECOL 20-20-20 1KG,,14,,
SUPRECOL 35-10-10 1KG,,17,,
SUPRECOL 35-10-10  1 LT,,18,,
SUPRECOL FOSFORO 1 KG,,1,,
SUPRECOL FOSFORO 1 LT,,15,,
SUS CLIP METALICO,,,,
"SUSPENS PRINC.CTK 15/16X3.66M BL,",892,,139,
"SUSPENS SECUND.CTK 15/16X1.22M BL,",4144,,3202,
"SUSPENS TERCIARIA.CTK 15/16X0.61M BL,",752,,2753,
"	SUSP PRIN OWA CLIQ T24 15/16 3.66M/CJX20",,,,
SUSP SEC OWA CLIQ T24 15/16 1.22M/CJX60,,,,
SWIRCH 16 PUERTOS 10/100,,,,
SWIT,,,,
TABEQUERIA EN EL TERCER NIVEL DE LOS DEPARTAMENTOS,,,,
TABLAS DE 1 X8 X10,,,,
TABLERO 160,,,,
TABLERO DE 8 POLOS,,,,
TABLERO DE BANCO DE MEDIDOR,,,,
TABLERO DE DISTRIBUCIÓN CON UNA LLAVE DE FUERZA TRIFÁSICO MÁS BARRAS DE COBRE.,,,,
TABLERO METALICO EMPOTRADO TIPO RIEL CON BARRA DE COBRE 24 POLOS MONOFASICO CON LINIA TIERRA,,,,
"TALADRO PERCUTOR INALAMBRICO B,L 8v 1/2",,,,
TANQUE ARENA 1100 LT,15,,,
"TANQUE ARENA 2,500 L EQUIPADO",,,,
TANQUE ARENA 600LT,,,,
TANQUE AZUL 1100LT,2,,,
TANQUE AZUL 1350LT,,,,
TANQUE AZUL 600LT,,,,
TANQUE AZUL X 350,,,1,
TANQUE CISTERNA 1350LT,,,,
TANQUE CISTERNA 2500LT,,,,
TANQUE COLOR AZUL X 600,,,,
TANQUE COLOR NE X 600,,,,
TANQUE NEGRO 1100LT,1,,,
TANQUE NEGRO 350LT,,,,
TANQUE NEGRO 600LT,,,,
TAPA DE AGUA,,,,
TAPA DE AJUSTES,,,,
TAPA DE BOCAMASA,,,,
TAPA DE BOMBA IJL (4074243),,,,
TAPA DE BOMBA JR (4074234),,,,
TAPA DE BOQUE (4074755),,,,
TAPA DE DEPOSITO (4200242),,,,
TAPA DE DESAGUE,,,,
TAPA DE JUNTA SOLO (4074344),,,,
TAPA DE MEDIDOR,,,,
TAPA DE PROTECCION 4074680,,,,
TAPA DE RECIPIENTE RM-202X-02,,,,
TAPA REGISTRO DE 2,,,,
TAPAS RECIPIENTE RC-202 DEX,,,,
"TAPON 3/4"" CPVC PAVCO ",,,,
TAPON  (4200215),,,,
TAPON DE 1/2 CCONON,,,,
"TAPON DE 1/2"" SAP MACHO",,,,
"	TAPON DE 1/2 S/P PAVCO",,,,
"TAPON DE 1"" PRESION",,,,
"TAPON DE 2""",,,,
"TAPON DE 4""",,,,
"TAPON HEMBRA 3/4"" S/P PVC PAVCO",,,,
TAPON PVC 1/2,,,,
"TAPON PVC DE 3/4"" S/P",,,,
TARFLEX 4,,,,
TARFLEX 6,,,,
TARGET 01 LT,,,,
TARGET 1/2 LT,,,,
TARGET 1/4 LT,,,,
TARUGO ROJO,,,,
TARUGOS,,,,
TARUGOS 3/4 BLANCO ,,,,
TARUGOS DE 5/16,,,,
TARUGO VERDE,,,,
TASACIONES COMERCIAL-BANCO INMUEBLE,,,,
TAXI PARA RECOGER ,,,,
TB REC LAC 2,,,,
T DE AGUA 1/2 PAVCO,,,,
TEBUGEN X 1/4 LT,,,,
TEBUGEN X 1 LT,,,,
TECHALIT 1.8 GRIS,,,,
TECHO FIBRAFORTE TRASLUCIDO AMBAR 3.60X0.80,,,,
TECNO COLA,,,,
TECNOPORT 12X30,,,,
TECNOPORT 15X30,,,,
TECNOPORT 1X1.2X2.4,,,,
TECNOPORT 3/4X1.2X2.4,,,,
TE DE 1/2 PRESION KOPLAST,,,,
"TE DE 1"" KOPLAST",,,,
"TE DE 2"" PAVCO",,,,
TE DE 3/4 KOPLAST,,,,
"TEE 1/2 AGUA C""",,,,
TEE 2*2,,,,
TEE 3/4 AGUA FRIA,,,,
TEE 3/4 CPVC A/CALIENTE PAVCO,,,,
TEE 4 A 2,,,,
TEE 4 A 2 PAVCO,,,,
TEE 4X4 PAVCO,,,,
"TEE CPVC A/ CALIENTE 3/4"" SP PAVCO",,,,
"TEE DE 1/2""SAP PAVCO",,,,
"TEE DE 2"" SAL",,,,
"TEE DE 4""",,,,
TEE DE 4A 2,,,,
TEE DE 4 X 4,,,,
TEE DE ALUMINIO,,,,
TEE DE FO. GALV. 1,,,,
TEE PVC AGUA 1/2 SP PAVCO,361,,,
"TEE PVC DE 1"" SP PAVCO ",,,,
TEE PVC SAL DESAGUE 2 PAVCO,42,,,
"TEE PVC SAL DESAGUE 4"" PAVCO",,,,
"TEE PVC SAL DESAGUE 4"" X 2"" PAVCO",46,,,
"TEE SANITARIA PVC SAL 2"" PAVCO",7,,,
"TEE SANITARIA PVC SAL 4"" PAVCO",9,,,
TEJA ANDINA 1.14X0.72 ETERNIT,985,,37,
"TEKNOPOR 1""",,,,
TEKNOPOR 12X30X1.2,,,,
TEKNOPOR 12X30X3,,,,
TEKNOPOR 15X30X1.2,,,,
TEKNOPOR 15X30X3,,,,
TEKNOPOR 3/4,,,,
"	TELA MOSQUITERO VER-C 1.2X30M 95-100G/M2",,,,
"	TELLO QUISPE LISBETH",,,,
TEMPLE PATO CPP BLANCO 25 KG,,,,
TERMINAL DE BUJIA 0084735,,,,
TERMINAL TIPO OJAL,,,,
TERMINAL TUBULAR #14,,,,
TERMIN TUBULAR #12,,,,
TERMOMAGNETICO,,,,
TERMOMETRO INFRARROJO TP500,,,,
TERRAMAR X 25KG,,,,
TE SANITARIO 4X4 TUBOPLAST,,,,
THALONEX LT,,,,
THINNER X 1 GAL,,,,
THIODAN 1/4,,,,
THIODAN 1L,,,,
THOR 25KG,,,,
TIFON 01 KG,,258,,
TIFON 1/4 LT,,,,
TIFON 1 LT,,,,
TIFON X 1/2 LT,,,,
TIJERA TAPIZADORA 8,,,,
TIJERA OJALATERO ,,,3,
TILLOT X1L,,,,
TILOT 250 X 1/2 LT,,,,
TILOT 250 X 1/4 LT,,,,
TILOT 250 X LT,,,,
TINER CRONS,,,,
TIRAFAFON DE 1/4 X5,,,,
TIRAFON HEX P/F 1/4 X 3 C/CAPUCH,,,,
TIRAFON HEX P/F 1/4 X 4 C/CAPUCH,856,,3000,
TIRAFON HEX P/F 1/4 X 5 C/CAPUCH,680,,10820,
TOBERA BIFURCADA 4900477,,,,
TOBERA CHORRO PLANO (4074263),,,,
TOBERA SUPERPUESTA (4900264) 423,,,,
TOC-K X01 LT,,,,
TOG K X 1 LT,24,6,,
TOLOXIL (MATALAXIL) 1 LT,,,,
TORNILLO (0018338),,,,
TORNILLO 0018363,,,,
"TORNILLO AUTOAVELLANANTE 6X25MM P/B (MILLAR),",,,148,
"TORNILLO AUTOAVELLANANTE 6X25MM P/F(MILLAR),",,,128,
TORNILLO AUTOPERFORANTE P/BROCA ZINC 4,,,6800,
TORNILLO CABEZA AVELLANADA PB 8X1 3/4,,,,
TORNILLO CILINDRICO 0010110,,,,
TORNILLO DE ACER,,,,
TORNILLO DE ACERO AUTOPERFORANTE 10MM X 3/4,,,,
TORNILLO HEXAGONAL (0012185),,,,
TORNILLO PAN 7x11MM P/BROCA (MILLAR),,,,
TORNILLO PAN 7X11MM P/FINA (MILLAR),,,,
TORNILLO PAN 7 X 7/16 P/BROCA (MILLAR),,,,
TORNILLO PAN 7 X 7/16 P/FINA (MILLAR),,,4,
TORNILLO PARA LLAVE 425 (0010165),,,,
"TORNILLO PLACA 6X25MM P/BROCA (MILLAR),",,,151,
TORNILLO PLACA 6x25MM P/FINA (MILLAR),4,,247,
TORNILLO PLACA 6X32MM P/BROCA (MILLAR),,,79.5,
TORNILLO PLACA 6x32MM P/FINA (MILLAR),,,31.8,
TORNILLO PLACA 6X41MM P/BROCA (MILLAR),,,74,
" TORNILLO PLACA 6X41MM P/FINA (MILLAR),",,,48,
"TORNILLO PLACA 8X32MM P/BROCA (MILLAR),",,,,
TORNILLO SPACK,,,,
TORNILLOS Y HUACHAS PARA SOJETAR TV,,,,
TORNILLOS Y TARUGOS,,,,
TORNILLO WAFER 8x13MM P/BROCA (MILLAR),4,,287,
TORNILLO WAFER 8X13MM P/FINA (MILLAR),2,,181,
TORTA 3 LECHES,,,,
TORTA SELVA NEGRA GRANDE,,,,
TQ. 1100 LT ARENA,,,,
TQ. 1100 LT. AZUL,,,,
TQ. 1100 LT. NEGRO,,,,
TQ. 350 LT. AZUL,,,,
TQ. 350 LT. NEGRO,,,,
TQ. 600 LT. ACERO,,,,
TQ. 600 LT. ARENA,,,,
TQ.600 LT. AZUL,,,,
TQ. 600 LT. NEGRO,,,,
BASUKA X 1 LT,360,110,,
BIOZYME X 1 LT,106,60,,
BIOZYME X 1/4 LT,96,89,,
BIOZYME X 1/2 LT,48,48,,
BOMBARDA X 1 LT,12,42,,
BOMBARDA X  1/4 LT,,,,
CYPERKLIN X 1 LT,12,114,,
CYPERKLIN X 1/4 LT,,,,
CYPERKLIN X 1/2 LT,360,,,
FITOKLIN X 1/4 KG,,39,,
FITOKLIN X 1 KG,,,,
HOJANCHA X 1 LT,60,,,
TQC KALIFOL 1KG,,,,
KARATE  X 1/4 LT,,128,,
KARATE X 1 LT,24,17,,
K-ÑON X 1 LT,600,24,,
K-ÑON X 1/4 LT,768,57,,
K-ÑON X 1/2 LT,432,14,,
TQC NALA T 100 GRS,,,,
TQC REGLONE LT,,,,
SCORE X 1 LT,24,43,,
SCORE X 1/4 LT,60,,,
TQC STERMIN 600 1 LT,,,,
TQC TASPA 1L,,,,
TQC TASPA 250ML ,,,,
TQC TRIO FOSFOL 1 LT,,,,
TQC VITAVAX 200 GR,,,,
TRABAJO DE SOLDADURA REFORZANDO DE 01 CARRETILLA,,,,
TRABAJOS ADICIONALES,,,,
TRABAJOS DE ENCHAPADO (PORCELANATO),,,,
TRACTO CAMION VOLVO MODELO 6 X 4 T AIRE AÑO 2021 MODELO 2022,,,,
TRAJE BLANCO,,,,
TRAMITE DE DECLARATORIA DE FABRICA,,,,
TRAMITE POR MEDIDOR DE TALAVERA1,,,,
TRAMITE REGISTRAL,,,,
TRÁMITE Y GESTIÓN EMPRESARIAL DE DOS HABILITACIÓN VEHÍCULAR POR INCREMENTO PARA MATERIALES Y/O RESIDUOS PELIGROSOS F9M-764/ADP-906,,,,
TRAMPA BOTELLA,,,,
TRAMPA CROMADA BOTELLA XMA-901A-XM,,,,
TRAMPA DE LAVADERO,,,,
TRAMPA DE RATA,,,,
TRAN,,,,
TRANFERENCIA A CTA OEC $,,,,
TRANFERENCIA A CUENTA OEC,,,,
TRANFERENCIA A TERCERO,,,,
TRANS,,,,
 TRANS AXLE 7 80W90 - ACEITE DE CAJA,,,,
TRANSFERENCIA,,,,
TRANSFERENCIA,,,,
TRANSFERENCIA A BBVA OEC,,,,
TRANSFERENCIA  A CUENTA  SR FIDEL,,,,
TRANSFERENCIA CTA VARIOS,,,,
TRANSFERENCIA DE CUENTA BBVA DOLARES,,,,
TRANSFERENCIA DE CUENTA BBVA SOLES ANDAHUAYLAS,,,,
TRANSFERENCIA DE CUENTA BCP,,,,
TRANSFERENCIA DE CUENTA BCP DOLARES,,,,
TRANSFERENCIA DE CUENTA BCP SOLES,,,,
TRANSFERENCIA  DE CUENTA INTERBANK,,,,
TRANSFERENCIA DE CUENTA INTERBANK,,,,
TRANSFERENCIA DE CUENTA SCOTIABANK,,,,
TRANSFERENCIA DEL BANCO INTERBANK,,,,
TRANSFERENCIA DE SERCAM A OEC ,,,,
TRANSFERENCIA ENTRE CUENTAS,,,,
TRANSFERENCIAN DE SERCAM A OEC,,,,
 transformador LED,,,,
TRANSP-OIL,,,,
TRANSPO-OIL,,,,
TRAPEADOR,,,,
TRAPO INDUSTRIAÑ,,,,
TRASFORMADOR METAL,,,,
TRASLADO DE MATERIALES VARIOS,,,,
TRASLADO DE TABLERO ELECTRICO,,,,
TRASLATE X 1 KG,,,,
TRASLATE X 250 GR,,72,,
TRASNFERENCIA A CUENTA TERCEROS,,,,
TRASNFERENCIA CTA TERCEROS,,,,
TRATAMIENTO,,,,
TRIGGRR TRIHORMONAL X 1L,,,,
TRIGGRR X 250 ML,,,,
TRIGGRR X 500 ML,,,,
TRIGGRR X LT,,,,
TRINCHE PALA,,,,
TRIO FOSFOL 1 LT,,,,
TRIONA,,,,
TRIONA X 4L,,,,
TRIPLAY ALBASIA 6MM,,,,
TRIPLAY CAPINURI 4MM,,,,
TRIPLAY FENOLICO 18MM,,,,
TRIPLAY FENOLICO CHI. 15MM X 1.22 X 2.44 MT MARRON,19,,,
TRIPLAY OKUME ECONOMICO 1.22 M X 2.44 M 04 MM,11,,9,
TRIPLE A 1/4,,,,
TRIPLE A L,,,,
TUBO 1 1/2 SEL PAVCO WAVIN,,,,
"TUBO 1"" ELECTRICO SEL",,,,
"TUBO 1"" S/P C-10 PVC PAVCO",,,,
"TUBO 2"" PAVCO",,,,
"TUBO 4"" PAVCO",,,,
TUBO ABASTO 1/2 METUSA,,,,
TUBO ATOMIZADOR (4900391),,,,
TUBO CORRUGADO,,,,
"TUBO CPVC DE 1/2"" AGUA CALIENTE PAVCO",,,,
"TUBO CPVC DE 3/4"" AGUA CALIENTE PAVCO",,,,
"TUBO DE 1""",,,,
TUBO DE 1 1/2  SEL PESADO PAVCO,,,,
"TUBO DE 1/2 AGUA C""",,,,
"TUBO DE 1"" C/ROSCA PAVCO",,,,
TUBO DE 2 TUBOPLAS,,,,
TUBO DE 3/4 C/ROSCA PAVCO,,,,
TUBO DE 3/4 LUZ TUBOPLAST,,,,
TUBO DE 3/4 PAVCO,,,,
TUBO DE 3/4 VALVUIX,,,,
TUBO DE 4 PAVCO,,,,
"TUBO DE 4"" PAVCO",,,,
"TUBO DE 4"" TUBOPLAST",,,,
TUBO DE 4 VALDUIT,,,,
TUBO DE ABASTO,,,,
TUBO DE ABASTO 1/2,,,,
TUBO DE ABASTO DE 1/2 METUSA,,,,
"TUBO DE AGUA 1""",,,,
TUBO DE AGUA 1/2 C/ROSCA KOPLAST,,,,
TUBO DE AGUA 1/2 S/ROSCA KOPLAST,,,,
TUBO DE AGUA PESADA 1/2 PAVCO,,,,
"TUBO DE DESAGUE 2"" KOPLAST",,,,
TUBO DE DESAGUE 2 PULGADAS PAVCO,,,,
"TUBO DE DESAGUE 4"" KOPLAST",,,,
"TUBO DE DESAGUE 6"" NARANJA KOPLAST",,,,
"TUBO DE DESAGUE 8"" NARANJA KOPLAST",,,,
TUBO DE LUZ 1/2 KOPLAST,,,,
"TUBO DE LUZ 1"" TUBOPLAST",,,,
TUBO DE PULV.50CM CON TOBERA 4900439,,,,
TUBO ELEVADOR,,,,
TUBO GA,,,,
TUBO LAC SP CD NG 1.1/4X2.00X6.00M,,,,
TUBO LAC SP RC NG 40X60X2.00X6.00M,,,,
TUBO LAC SP RC NG 40X80X2.50X6.00M,,,,
TUBO (MOTOBOMBA) (4400108),,,,
TUBO PLEGABLE (4071148),,,,
"TUBO PVC 4"" PAVCO DESAGUE",,,,
TUBO PVC PRESION DE 1/2 C/R PAVCO,5,,,
TUBO PVC PRESION DE 1/2 SP PAVCO,74,,,
"TUBO PVC SAL 2""LIV.PAVCO W",148,,,
"TUBO PVC SAL 4"" LIV PAVCO W",59,,,
"TUBO PVC SEL DE 1"" PAVCO W",,,,
TUBO PVC SEL DE 3/4 PAVCO W,2,,,
tubo regulable,,,,
TUBO SOLO425 (4074323),,,,
TUERCA,,,,
TUERCA CAPERUZA (0020101),,,,
TUERCA DE BOQUE (4074148),,,,
TUERCA HEXAGONAL,,,,
TUERCA MARIPOSA,,,,
TUERCA PARA BUJIA,,,,
TUERCA RACOR  (4074337),,,,
TUPO PESA,,,,
ULTRAPEGASOL X 1 LT,36,18,,
ULTRAPEGASOL X 210 ML,,28,,
UNIDAD SSD SATA 240GB KINGSTON A400 ,,,,
UNION 1/2 PAVCO,,,,
" UNION CPVC A/ CALIENTE 1/2"" SP PAVCO",,,,
"UNION DE 1/2 AGUA C""",,,,
UNION DE 1/2 KOPLAST,,,,
UNION DE 1/2 PRESION Y ROSCA KOPLAST,,,,
"UNION DE 1"" PRESION KOPLAST",,,,
UNION DE 2 ,,,,
UNION DE 3/4 A/ CALIENTE PAVCO,,,,
UNION  DE 3/4 A/FRIA PAVCO,,,,
UNION DE 3/4 PRESION KOPLAST,,,,
UNION DE AGUA 1/2 PAVCO,,,,
UNION FO. GALV. 3/4,,,,
UNION MIXTA DE ,,,,
"UNION PVC DE 3/4"" SAP ",,,,
UNION PVC SAP 1/2 AGUA FRIA,,,,
UNION PVC SAP 3/4 C/R PAVCO,,,,
UNION PVC SAP 3/4 SP PAVCO,,,,
"UNION UNIVERSAL 1/2"" PAVCO",,,,
"UNION UNIVERSAL 1"" C/R PVC PAVCO",,,,
UNION UNIVERSAL PVC HIDRO 3/4,,,,
UPS CDP 1KW,,,,
UPS CPD 750VA,,,,
UREA AGRICOLA X 50 KG,80,6,,
UREA GRANULAR X 50 KG,81,,,
"VALVULA CHECK SWING NEOPRENE TIEMME CLAPE FULL 3660G04NTP 3500148 X 1""(30XCAJA)",,,,
"VALVULA CHECK SWING NEOPRENE TIEMME CLAPET FULL 3660G05NTP X 3/4""(45XCAJA) 3500149",,,,
VALVULA DE PASE A/CALIENTE PVCO,,,,
"VAS FOSFORO X LT			",,,,
,,,,
VERANGO 1 LT,,,,
VIDON DE 200 LT AZUL,,,,
VIDRIOS FIJOS CON VIDRIO TEMPLADO INC 8MM CON PLACAS FIJAS CON MARCO DE ALUMINIO 3 1/4 X 1 1/2 COLOR NEGRO,,,,
VIGA H4,,,,
VIGA H6,,,,
VINDRA X LT,,,,
VITALIZE X 1 KG,25,,,
VITAL-W  1L,,,,
VITA PHOS X 1 LT,24,57,,
VITON,,,,
VYDATE L X 1L,,,,
VYDATE L X 250ML,,,,
WETTEX X 1/2 LT,,,,
WETTEX X 1/4 LT,,,,
WETTEX X LT,,,,
WINCHA DE 50m,,,,
WINCHA STANLEY X 50 MT,,,,
WINCHA X 05 MT.,,,,
WUXAL ASCOFOL X 1LT,,,,
WUXAL DOBLE X 1LT,,,,
WUXAL FOSFORO X LT,,,,
WUXAL POTASIO X 1LT,,,,
XIELOXIL,,,,
YARALIVA  NITRABOR X 50 KG,,,,
"	YARAMILA COMPLEX X 25KG",,,,
YARAMILA COMPLEX X 50KG,,20,,
YARAMILA HYDRAN X 50KG,,,,
YE DE 2 P,,,,
YEE 2X2 PAVCO,,,,
YEE 4 A 2,,,,
YEE 4A2 PAVCO,,,,
YEE 4A2 SANITARIO PAVCO,,,,
YEE 4A2 TUBOPLAST,,,,
YEE 4X4 PAVCO,,,,
YEE DE 2,,,,
YEE DE 4 X4,,,,
"YEE PVC SAL DESAGUE 2"" PAVCO",,,,
"YEE PVC SAL DESAGUE 4"" PAVCO",20,,,
"YEE PVC SAL DESAGUE 4"" X 2"" PAVCO",,,,
YESO 50G,,,,
YESO CERAMICO,,,,
YESO CERÁMICO PINO,,,,
YUTE NEGRO,,,,
ZAMPRO 1/4 LT,,,,
ZAMPRO 1 LT,,,,
ZIFERMAN L X 1LITRO,,,,
ZIPPERS X LT,,33,,
KUMULUS X 1KG,,2,,
THRU MASTER X 1 LT,,3,,
THRU MASTER X 1/4 LT,,18,,
ABRAZADERA,, 36.00 ,,
ABRAZADERA BOMBA,,,,
ABRAZADERA MONTADA,, 88.00 ,,
ACEITE 2T 75 ML,, 6.00 ,,
ACEITE SOLO 2T X LT,, 6.00 ,,
ANILLO CUERPO DE VALVULA,, 325.00 ,,
ANILLO DE 15,, 72.00 ,,
ANILLO DE BOQUE,, 230.00 ,,
ANILLO DE CAMARA DE AIRE,, 22.00 ,,
ANILLO DE FILTRO,, 54.00 ,,
ANILLO GARFIADO,, 340.00 ,,
ANILLO GRAN DE DE CILINDRO,, 178.00 ,,
ANILLO PIEZA DE RETENCION,, 33.00 ,,
ANILLO PQ DE CILINDRO,, 79.00 ,,
ANILLO TUBO ATOMIZADOR,, 346.00 ,,
BIELA 475,,,,
BIELA HEMBRA,, 61.00 ,,
BIELA MACHO,, 52.00 ,,
BOQUILLA DE 4 CONOS PLASTICA BLQ 4C-PL5,, 18.00 ,,
BOQUILLA REGULABLE,, 51.00 ,,
CILINDRO,, 2.00 ,,
CINTURON CON GANCHO,,,,
CODO MONTADO,, 44.00 ,,
CUERPO DE VALVULA,, 33.00 ,,
DISCO RAYADO,,,,
EMBUDO COMPLETO,, 32.00 ,,
EMPUÑADURA,, 21.00 ,,
FILTRO DE BOQUE,, 23.00 ,,
FLAUTA,,,,
GANCHO DE CORREA,, 24.00 ,,
HEBILLA,, 21.00 ,,
JUNTA ANULAR,,,,
LLAVE ALLEN,, 16.00 ,,
MAGUERA SOLO,, 8.00 ,,
MANGUITO VITON,, 11.00 ,,
MANIJA,, 12.00 ,,
PALANCA,, 10.00 ,,
PALANCA DE FIBRA,, 77.00 ,,
PANTALLA,,,,
PERNO PASADOR,, 171.00 ,,
PERSO PASADOR,,,,
PIEZA DE RETENCION,, 36.00 ,,
PISTON,, 40.00 ,,
PISTON DE EMPUÑADURA,, 8.00 ,,
RESORTE,, 14.00 ,,
TAPA DE BOMBA IJL,,,,
TAPA DE BOQUE,, 21.00 ,,
TAPA DE DEPOSITO,,,,
TAPA DE JUNTA SOLO,,,,
TAPA DE PROTECCION ,, 24.00 ,,
TOBERA CHORRO PLANO,,,,
TORNILLO,,,,
TORNILLO CILINDRICO,, 46.00 ,,
TORNILLO EXAGONAL,, 172.00 ,,
TORNILLO PARA LLAVE,, 72.00 ,,
TUBO ATOMIZADOR,, 55.00 ,,
TUBO DE PUL. 50 CM CON TOBERA,, 17.00 ,,
TUERCA CAPERUZA,, 5.00 ,,
TUERCA DE BOQUE,, 85.00 ,,
TUERCA RACOR,, 41.00 ,,
MANETA ,, 2.00 ,,
CORREA Y/O CINTURON,, 3.00 ,,